id;Postcode4;Gemeentenaam;WijkenEnBuurten
1;1011;Amsterdam;9
2;1012;Amsterdam;13
3;1013;Amsterdam;14
4;1014;Amsterdam;6
5;1015;Amsterdam;7
6;1016;Amsterdam;8
7;1017;Amsterdam;15
8;1018;Amsterdam;11
9;1019;Amsterdam;12
10;1021;Amsterdam;3
11;1022;Amsterdam;4
12;1023;Amsterdam;7
13;1024;Amsterdam;6
14;1025;Amsterdam;11
15;1026;Amsterdam;3
16;1027;Amsterdam;3
17;1028;Amsterdam;2
18;1031;Amsterdam;3
19;1032;Amsterdam;3
20;1033;Amsterdam;6
21;1034;Amsterdam;7
22;1035;Amsterdam;6
23;1036;Amsterdam;1
24;1037;Amsterdam;1
25;1041;Amsterdam;1
26;1042;Amsterdam;2
27;1043;Amsterdam;5
28;1045;Amsterdam;1
29;1046;Amsterdam;2
30;1047;Amsterdam;2
31;1051;Amsterdam;8
32;1052;Amsterdam;5
33;1053;Amsterdam;6
34;1054;Amsterdam;7
35;1055;Amsterdam;6
36;1056;Amsterdam;10
37;1057;Amsterdam;9
38;1058;Amsterdam;7
39;1059;Amsterdam;4
40;1060;Amsterdam;3
41;1061;Amsterdam;5
42;1062;Amsterdam;6
43;1063;Amsterdam;3
44;1064;Amsterdam;6
45;1065;Amsterdam;4
46;1066;Amsterdam;12
47;1067;Amsterdam;9
48;1068;Amsterdam;5
49;1069;Amsterdam;7
50;1071;Amsterdam;10
51;1072;Amsterdam;4
52;1073;Amsterdam;5
53;1074;Amsterdam;3
54;1075;Amsterdam;7
55;1076;Amsterdam;5
56;1077;Amsterdam;9
57;1078;Amsterdam;6
58;1079;Amsterdam;8
59;1081;Amsterdam;5
60;1082;Amsterdam;3
61;1083;Amsterdam;5
62;1086;Amsterdam;2
63;1087;Amsterdam;8
64;1091;Amsterdam;6
65;1092;Amsterdam;3
66;1093;Amsterdam;3
67;1094;Amsterdam;3
68;1095;Amsterdam;10
69;1096;Amsterdam;7
70;1097;Amsterdam;11
71;1098;Amsterdam;9
72;1101;Amsterdam;3
73;1102;Amsterdam;11
74;1103;Amsterdam;6
75;1104;Amsterdam;8
76;1105;Amsterdam;4
77;1106;Amsterdam;6
78;1107;Amsterdam;5
79;1108;Amsterdam;3
80;1109;Amsterdam;2
81;1111;Diemen;15
82;1112;Diemen;17
83;1113;Diemen;2
84;1114;Ouder-Amstel;2
85;1115;Ouder-Amstel;1
86;1118;Haarlemmermeer;1
87;1119;Haarlemmermeer;1
88;1121;Landsmeer;5
89;1127;Landsmeer;1
90;1131;Edam-Volendam;5
91;1132;Edam-Volendam;6
92;1135;Edam-Volendam;7
93;1141;Waterland;9
94;1145;Waterland;1
95;1151;Waterland;1
96;1153;Waterland;1
97;1154;Waterland;1
98;1156;Waterland;2
99;1161;Haarlemmermeer;8
100;1165;Haarlemmermeer;2
101;1171;Haarlemmermeer;12
102;1175;Haarlemmermeer;2
103;1181;Amstelveen;7
104;1182;Amstelveen;4
105;1183;Amstelveen;7
106;1184;Amstelveen;1
107;1185;Amstelveen;6
108;1186;Amstelveen;7
109;1187;Amstelveen;11
110;1188;Amstelveen;3
111;1189;Amstelveen;1
112;1191;Ouder-Amstel;4
113;1211;Hilversum;4
114;1212;Hilversum;1
115;1213;Hilversum;8
116;1214;Hilversum;2
117;1215;Hilversum;3
118;1216;Hilversum;4
119;1217;Hilversum;7
120;1218;Hilversum;2
121;1221;Hilversum;3
122;1222;Hilversum;5
123;1223;Hilversum;4
124;1231;Wijdemeren;4
125;1241;Wijdemeren;4
126;1243;Wijdemeren;1
127;1244;Wijdemeren;3
128;1251;Laren;9
129;1252;Laren;1
130;1261;Blaricum;8
131;1271;Huizen;5
132;1272;Huizen;12
133;1273;Huizen;3
134;1274;Huizen;4
135;1275;Huizen;2
136;1276;Huizen;3
137;1277;Huizen;1
138;1309;Almere;1
139;1311;Almere;1
140;1312;Almere;1
141;1313;Almere;1
142;1314;Almere;3
143;1315;Almere;1
144;1317;Almere;1
145;1318;Almere;2
146;1319;Almere;1
147;1321;Almere;1
148;1322;Almere;1
149;1323;Almere;1
150;1324;Almere;2
151;1325;Almere;1
152;1326;Almere;2
153;1327;Almere;1
154;1328;Almere;1
155;1329;Almere;1
156;1331;Almere;1
157;1332;Almere;1
158;1333;Almere;4
159;1334;Almere;1
160;1335;Almere;3
161;1336;Almere;2
162;1338;Almere;2
163;1339;Almere;2
164;1341;Almere;2
165;1343;Almere;1
166;1349;Almere;1
167;1351;Almere;3
168;1353;Almere;2
169;1354;Almere;1
170;1355;Almere;1
171;1356;Almere;1
172;1357;Almere;2
173;1358;Almere;2
174;1359;Almere;2
175;1361;Almere;2
176;1362;Almere;4
177;1363;Almere;3
178;1364;Almere;1
179;1381;Weesp;6
180;1382;Weesp;10
181;1383;Weesp;2
182;1384;Weesp;1
183;1391;De Ronde Venen;3
184;1393;Stichtse Vecht;4
185;1394;Wijdemeren;4
186;1396;De Ronde Venen;2
187;1398;Gooise Meren;5
188;1399;Gooise Meren;3
189;1401;Gooise Meren;5
190;1402;Gooise Meren;10
191;1403;Gooise Meren;5
192;1404;Gooise Meren;3
193;1405;Gooise Meren;3
194;1406;Gooise Meren;5
195;1411;Gooise Meren;11
196;1412;Gooise Meren;6
197;1421;Uithoorn;2
198;1422;Uithoorn;3
199;1423;Uithoorn;1
200;1424;Uithoorn;5
201;1426;De Ronde Venen;2
202;1427;De Ronde Venen;1
203;1431;Aalsmeer;4
204;1432;Aalsmeer;4
205;1433;Aalsmeer;1
206;1435;Haarlemmermeer;4
207;1436;Haarlemmermeer;1
208;1437;Haarlemmermeer;2
209;1438;Haarlemmermeer;1
210;1441;Purmerend;6
211;1442;Purmerend;3
212;1443;Purmerend;3
213;1444;Purmerend;2
214;1445;Purmerend;4
215;1446;Purmerend;2
216;1447;Purmerend;3
217;1448;Purmerend;4
218;1451;Landsmeer;1
219;1452;Waterland;2
220;1454;Waterland;1
221;1456;Wormerland;4
222;1458;Wormerland;1
223;1461;Purmerend;2
224;1462;Purmerend;3
225;1463;Purmerend;3
226;1464;Purmerend;2
227;1471;Edam-Volendam;1
228;1472;Edam-Volendam;1
229;1473;Edam-Volendam;1
230;1474;Edam-Volendam;2
231;1475;Edam-Volendam;1
232;1476;Edam-Volendam;1
233;1477;Edam-Volendam;1
234;1481;Edam-Volendam;1
235;1482;Waterland;1
236;1483;Alkmaar;1
237;1484;Alkmaar;1
238;1485;Alkmaar;1
239;1486;Alkmaar;1
240;1487;Alkmaar;1
241;1488;Alkmaar;1
242;1489;Castricum;1
243;1501;Zaanstad;1
244;1502;Zaanstad;1
245;1503;Zaanstad;2
246;1504;Zaanstad;1
247;1505;Zaanstad;2
248;1506;Zaanstad;7
249;1507;Zaanstad;2
250;1508;Zaanstad;2
251;1509;Zaanstad;2
252;1511;Oostzaan;4
253;1521;Zaanstad;5
254;1525;Zaanstad;1
255;1531;Wormerland;6
256;1534;Wormerland;1
257;1536;Alkmaar;1
258;1541;Zaanstad;2
259;1544;Zaanstad;3
260;1546;Wormerland;2
261;1551;Zaanstad;5
262;1561;Zaanstad;4
263;1562;Zaanstad;4
264;1566;Zaanstad;5
265;1567;Zaanstad;1
266;1601;Enkhuizen;5
267;1602;Enkhuizen;3
268;1606;Drechterland;4
269;1607;Drechterland;3
270;1608;Drechterland;2
271;1611;Stede Broec;4
272;1613;Stede Broec;2
273;1614;Stede Broec;1
274;1616;Drechterland;3
275;1617;Drechterland;3
276;1619;Medemblik;10
277;1621;Hoorn;5
278;1622;Hoorn;8
279;1623;Hoorn;3
280;1624;Hoorn;7
281;1625;Hoorn;12
282;1627;Hoorn;2
283;1628;Hoorn;13
284;1631;Koggenland;2
285;1633;Koggenland;8
286;1634;Koggenland;2
287;1636;Alkmaar;1
288;1641;Koggenland;2
289;1643;Koggenland;1
290;1645;Koggenland;10
291;1646;Alkmaar;1
292;1647;Koggenland;7
293;1648;Koggenland;8
294;1652;Koggenland;3
295;1654;Medemblik;2
296;1655;Medemblik;2
297;1657;Medemblik;2
298;1658;Medemblik;1
299;1661;Opmeer;1
300;1671;Medemblik;10
301;1674;Medemblik;2
302;1676;Medemblik;2
303;1678;Medemblik;2
304;1679;Medemblik;2
305;1681;Medemblik;1
306;1682;Medemblik;1
307;1684;Medemblik;1
308;1685;Medemblik;2
309;1687;Medemblik;9
310;1688;Medemblik;3
311;1689;Hoorn;16
312;1691;Medemblik;1
313;1693;Medemblik;8
314;1695;Hoorn;8
315;1696;Drechterland;1
316;1697;Drechterland;1
317;1701;Dijk en Waard;5
318;1702;Dijk en Waard;7
319;1703;Dijk en Waard;9
320;1704;Dijk en Waard;9
321;1705;Dijk en Waard;7
322;1706;Dijk en Waard;2
323;1711;Koggenland;3
324;1713;Koggenland;13
325;1715;Opmeer;4
326;1716;Opmeer;2
327;1718;Opmeer;3
328;1719;Opmeer;1
329;1721;Dijk en Waard;1
330;1722;Dijk en Waard;1
331;1723;Dijk en Waard;1
332;1724;Dijk en Waard;2
333;1731;Hollands Kroon;2
334;1732;Hollands Kroon;3
335;1733;Hollands Kroon;3
336;1734;Hollands Kroon;1
337;1735;Hollands Kroon;5
338;1736;Hollands Kroon;1
339;1738;Schagen;2
340;1741;Schagen;10
341;1742;Schagen;9
342;1744;Schagen;7
343;1746;Schagen;3
344;1747;Schagen;4
345;1749;Schagen;10
346;1751;Schagen;4
347;1752;Schagen;2
348;1753;Schagen;4
349;1754;Schagen;3
350;1755;Schagen;6
351;1756;Schagen;5
352;1757;Schagen;2
353;1759;Schagen;6
354;1761;Hollands Kroon;3
355;1764;Hollands Kroon;2
356;1766;Hollands Kroon;3
357;1767;Hollands Kroon;2
358;1768;Hollands Kroon;2
359;1769;Hollands Kroon;2
360;1771;Hollands Kroon;4
361;1773;Hollands Kroon;1
362;1774;Hollands Kroon;2
363;1775;Hollands Kroon;2
364;1777;Hollands Kroon;5
365;1778;Hollands Kroon;2
366;1779;Hollands Kroon;3
367;1781;Den Helder;10
368;1782;Den Helder;9
369;1783;Den Helder;4
370;1784;Den Helder;11
371;1785;Den Helder;10
372;1786;Den Helder;4
373;1787;Den Helder;7
374;1788;Den Helder;9
375;1789;Den Helder;1
376;1791;Texel;2
377;1792;Texel;1
378;1793;Texel;2
379;1794;Texel;2
380;1795;Texel;2
381;1796;Texel;2
382;1797;Texel;2
383;1811;Alkmaar;2
384;1812;Alkmaar;2
385;1813;Alkmaar;4
386;1814;Alkmaar;6
387;1815;Alkmaar;5
388;1816;Alkmaar;3
389;1817;Alkmaar;3
390;1821;Alkmaar;1
391;1822;Alkmaar;4
392;1823;Alkmaar;5
393;1824;Alkmaar;4
394;1825;Alkmaar;3
395;1826;Alkmaar;2
396;1827;Alkmaar;4
397;1829;Alkmaar;2
398;1831;Alkmaar;2
399;1832;Dijk en Waard;1
400;1834;Dijk en Waard;1
401;1841;Alkmaar;1
402;1842;Alkmaar;1
403;1843;Alkmaar;1
404;1844;Alkmaar;1
405;1846;Alkmaar;1
406;1851;Heiloo;13
407;1852;Heiloo;7
408;1861;Bergen (NH.);11
409;1862;Bergen (NH.);7
410;1865;Bergen (NH.);1
411;1871;Bergen (NH.);6
412;1873;Bergen (NH.);1
413;1901;Castricum;9
414;1902;Castricum;4
415;1906;Castricum;3
416;1911;Uitgeest;6
417;1921;Castricum;2
418;1931;Bergen (NH.);4
419;1934;Bergen (NH.);5
420;1935;Bergen (NH.);1
421;1941;Beverwijk;3
422;1942;Beverwijk;2
423;1943;Beverwijk;6
424;1944;Beverwijk;6
425;1945;Beverwijk;4
426;1946;Beverwijk;2
427;1947;Beverwijk;4
428;1948;Beverwijk;7
429;1949;Beverwijk;2
430;1951;Velsen;8
431;1961;Heemskerk;1
432;1962;Heemskerk;5
433;1963;Heemskerk;4
434;1964;Heemskerk;6
435;1965;Heemskerk;4
436;1966;Heemskerk;2
437;1967;Heemskerk;7
438;1968;Heemskerk;3
439;1969;Heemskerk;4
440;1971;Velsen;9
441;1972;Velsen;5
442;1973;Velsen;4
443;1974;Velsen;5
444;1975;Velsen;1
445;1976;Velsen;1
446;1981;Velsen;5
447;1985;Velsen;3
448;1991;Velsen;8
449;1992;Velsen;1
450;2011;Haarlem;6
451;2012;Haarlem;8
452;2013;Haarlem;4
453;2014;Haarlem;5
454;2015;Haarlem;6
455;2021;Haarlem;5
456;2022;Haarlem;5
457;2023;Haarlem;7
458;2024;Haarlem;7
459;2025;Haarlem;8
460;2026;Haarlem;4
461;2031;Haarlem;3
462;2032;Haarlem;4
463;2033;Haarlem;10
464;2034;Haarlem;8
465;2035;Haarlem;6
466;2036;Haarlem;6
467;2037;Haarlem;6
468;2041;Zandvoort;9
469;2042;Zandvoort;8
470;2051;Bloemendaal;4
471;2061;Bloemendaal;6
472;2063;Haarlem;1
473;2064;Haarlemmermeer;3
474;2065;Haarlemmermeer;3
475;2071;Velsen;9
476;2082;Velsen;4
477;2101;Heemstede;3
478;2102;Heemstede;2
479;2103;Heemstede;2
480;2104;Heemstede;2
481;2105;Heemstede;2
482;2106;Heemstede;3
483;2111;Bloemendaal;4
484;2114;Bloemendaal;2
485;2116;Zandvoort;2
486;2121;Bloemendaal;6
487;2131;Haarlemmermeer;6
488;2132;Haarlemmermeer;8
489;2133;Haarlemmermeer;2
490;2134;Haarlemmermeer;5
491;2135;Haarlemmermeer;3
492;2136;Haarlemmermeer;2
493;2141;Haarlemmermeer;4
494;2142;Haarlemmermeer;3
495;2143;Haarlemmermeer;1
496;2144;Haarlemmermeer;2
497;2151;Haarlemmermeer;3
498;2152;Haarlemmermeer;3
499;2153;Haarlemmermeer;5
500;2154;Haarlemmermeer;1
501;2155;Haarlemmermeer;1
502;2156;Haarlemmermeer;1
503;2157;Haarlemmermeer;3
504;2158;Haarlemmermeer;1
505;2159;Kaag en Braassem;1
506;2161;Lisse;13
507;2162;Lisse;6
508;2163;Lisse;3
509;2165;Haarlemmermeer;2
510;2171;Teylingen;16
511;2172;Teylingen;11
512;2181;Hillegom;11
513;2182;Hillegom;11
514;2191;Noordwijk;1
515;2201;Noordwijk;5
516;2202;Noordwijk;3
517;2203;Noordwijk;1
518;2204;Noordwijk;2
519;2211;Noordwijk;4
520;2215;Teylingen;17
521;2216;Teylingen;1
522;2221;Katwijk;7
523;2222;Katwijk;2
524;2223;Katwijk;5
525;2224;Katwijk;5
526;2225;Katwijk;8
527;2231;Katwijk;10
528;2235;Katwijk;5
529;2241;Wassenaar;4
530;2242;Wassenaar;7
531;2243;Wassenaar;3
532;2244;Wassenaar;3
533;2245;Wassenaar;4
534;2251;Voorschoten;6
535;2252;Voorschoten;3
536;2253;Voorschoten;2
537;2254;Voorschoten;1
538;2261;Leidschendam-Voorburg;3
539;2262;Leidschendam-Voorburg;4
540;2263;Leidschendam-Voorburg;3
541;2264;Leidschendam-Voorburg;4
542;2265;Leidschendam-Voorburg;3
543;2266;Leidschendam-Voorburg;5
544;2267;Leidschendam-Voorburg;1
545;2271;Leidschendam-Voorburg;2
546;2272;Leidschendam-Voorburg;8
547;2273;Leidschendam-Voorburg;4
548;2274;Leidschendam-Voorburg;4
549;2275;Leidschendam-Voorburg;2
550;2281;Rijswijk;2
551;2282;Rijswijk;5
552;2283;Rijswijk;4
553;2284;Rijswijk;3
554;2285;Rijswijk;4
555;2286;Rijswijk;4
556;2287;Rijswijk;2
557;2288;Rijswijk;4
558;2289;Rijswijk;4
559;2291;Westland;8
560;2292;Westland;1
561;2295;Westland;3
562;2311;Leiden;5
563;2312;Leiden;10
564;2313;Leiden;5
565;2314;Leiden;3
566;2315;Leiden;2
567;2316;Leiden;3
568;2317;Leiden;5
569;2318;Leiden;1
570;2321;Leiden;4
571;2322;Leiden;1
572;2323;Leiden;1
573;2324;Leiden;3
574;2331;Leiden;4
575;2332;Leiden;2
576;2333;Leiden;3
577;2334;Leiden;2
578;2341;Oegstgeest;3
579;2342;Oegstgeest;2
580;2343;Oegstgeest;7
581;2351;Leiderdorp;4
582;2352;Leiderdorp;5
583;2353;Leiderdorp;7
584;2355;Kaag en Braassem;2
585;2361;Teylingen;6
586;2371;Kaag en Braassem;4
587;2374;Kaag en Braassem;2
588;2375;Kaag en Braassem;1
589;2376;Kaag en Braassem;1
590;2377;Kaag en Braassem;2
591;2381;Zoeterwoude;11
592;2382;Zoeterwoude;8
593;2391;Alphen aan den Rijn;5
594;2394;Alphen aan den Rijn;4
595;2396;Alphen aan den Rijn;4
596;2401;Alphen aan den Rijn;10
597;2402;Alphen aan den Rijn;11
598;2403;Alphen aan den Rijn;7
599;2404;Alphen aan den Rijn;5
600;2405;Alphen aan den Rijn;6
601;2406;Alphen aan den Rijn;6
602;2407;Alphen aan den Rijn;2
603;2408;Alphen aan den Rijn;13
604;2409;Alphen aan den Rijn;1
605;2411;Bodegraven-Reeuwijk;11
606;2412;Bodegraven-Reeuwijk;1
607;2415;Bodegraven-Reeuwijk;2
608;2421;Nieuwkoop;5
609;2431;Nieuwkoop;3
610;2432;Nieuwkoop;1
611;2435;Nieuwkoop;4
612;2441;Nieuwkoop;5
613;2445;Alphen aan den Rijn;4
614;2451;Kaag en Braassem;7
615;2461;Nieuwkoop;7
616;2465;Kaag en Braassem;2
617;2471;Alphen aan den Rijn;3
618;2481;Kaag en Braassem;5
619;2491;'s-Gravenhage;2
620;2492;'s-Gravenhage;2
621;2493;'s-Gravenhage;2
622;2495;'s-Gravenhage;1
623;2496;'s-Gravenhage;5
624;2497;'s-Gravenhage;3
625;2498;'s-Gravenhage;1
626;2511;'s-Gravenhage;1
627;2512;'s-Gravenhage;1
628;2513;'s-Gravenhage;1
629;2514;'s-Gravenhage;2
630;2515;'s-Gravenhage;3
631;2516;'s-Gravenhage;2
632;2517;'s-Gravenhage;3
633;2518;'s-Gravenhage;1
634;2521;'s-Gravenhage;2
635;2522;'s-Gravenhage;1
636;2523;'s-Gravenhage;1
637;2524;'s-Gravenhage;1
638;2525;'s-Gravenhage;2
639;2526;'s-Gravenhage;2
640;2531;'s-Gravenhage;2
641;2532;'s-Gravenhage;1
642;2533;'s-Gravenhage;2
643;2541;'s-Gravenhage;2
644;2542;'s-Gravenhage;1
645;2543;'s-Gravenhage;1
646;2544;'s-Gravenhage;3
647;2545;'s-Gravenhage;1
648;2547;'s-Gravenhage;1
649;2548;'s-Gravenhage;5
650;2551;'s-Gravenhage;3
651;2552;'s-Gravenhage;2
652;2553;'s-Gravenhage;1
653;2554;'s-Gravenhage;1
654;2555;'s-Gravenhage;4
655;2562;'s-Gravenhage;3
656;2563;'s-Gravenhage;1
657;2564;'s-Gravenhage;2
658;2565;'s-Gravenhage;4
659;2566;'s-Gravenhage;1
660;2571;'s-Gravenhage;1
661;2572;'s-Gravenhage;2
662;2573;'s-Gravenhage;2
663;2574;'s-Gravenhage;1
664;2581;'s-Gravenhage;1
665;2582;'s-Gravenhage;1
666;2583;'s-Gravenhage;2
667;2584;'s-Gravenhage;2
668;2585;'s-Gravenhage;2
669;2586;'s-Gravenhage;2
670;2587;'s-Gravenhage;1
671;2591;'s-Gravenhage;1
672;2592;'s-Gravenhage;2
673;2593;'s-Gravenhage;1
674;2594;'s-Gravenhage;2
675;2595;'s-Gravenhage;2
676;2596;'s-Gravenhage;3
677;2597;'s-Gravenhage;6
678;2611;Delft;9
679;2612;Delft;9
680;2613;Delft;9
681;2614;Delft;8
682;2616;Delft;5
683;2622;Delft;5
684;2623;Delft;6
685;2624;Delft;9
686;2625;Delft;11
687;2626;Delft;1
688;2627;Delft;4
689;2628;Delft;10
690;2629;Delft;3
691;2631;Pijnacker-Nootdorp;8
692;2632;Pijnacker-Nootdorp;1
693;2635;Midden-Delfland;2
694;2636;Midden-Delfland;5
695;2641;Pijnacker-Nootdorp;8
696;2642;Pijnacker-Nootdorp;2
697;2643;Pijnacker-Nootdorp;3
698;2645;Pijnacker-Nootdorp;7
699;2651;Lansingerland;18
700;2652;Lansingerland;10
701;2661;Lansingerland;12
702;2662;Lansingerland;3
703;2665;Lansingerland;16
704;2671;Westland;7
705;2672;Westland;3
706;2673;Westland;1
707;2675;Westland;7
708;2676;Westland;4
709;2678;Westland;8
710;2681;Westland;10
711;2684;Westland;1
712;2685;Westland;7
713;2691;Westland;9
714;2692;Westland;2
715;2694;Westland;2
716;2711;Zoetermeer;1
717;2712;Zoetermeer;2
718;2713;Zoetermeer;1
719;2715;Zoetermeer;1
720;2716;Zoetermeer;3
721;2717;Zoetermeer;2
722;2718;Zoetermeer;2
723;2719;Zoetermeer;2
724;2721;Zoetermeer;1
725;2722;Zoetermeer;3
726;2723;Zoetermeer;1
727;2724;Zoetermeer;1
728;2725;Zoetermeer;1
729;2727;Zoetermeer;1
730;2728;Zoetermeer;3
731;2729;Zoetermeer;1
732;2731;Alphen aan den Rijn;4
733;2735;Zoeterwoude;1
734;2741;Waddinxveen;12
735;2742;Waddinxveen;8
736;2743;Waddinxveen;2
737;2751;Zuidplas;7
738;2752;Zuidplas;1
739;2761;Zuidplas;13
740;2771;Alphen aan den Rijn;15
741;2801;Gouda;6
742;2802;Gouda;5
743;2803;Gouda;5
744;2804;Gouda;8
745;2805;Gouda;8
746;2806;Gouda;5
747;2807;Gouda;6
748;2808;Gouda;2
749;2809;Gouda;6
750;2811;Bodegraven-Reeuwijk;16
751;2821;Krimpenerwaard;9
752;2825;Krimpenerwaard;2
753;2831;Krimpenerwaard;1
754;2841;Zuidplas;12
755;2851;Krimpenerwaard;11
756;2855;Krimpenerwaard;2
757;2861;Krimpenerwaard;11
758;2865;Krimpenerwaard;1
759;2871;Krimpenerwaard;5
760;2872;Krimpenerwaard;1
761;2901;Capelle aan den IJssel;11
762;2902;Capelle aan den IJssel;9
763;2903;Capelle aan den IJssel;8
764;2904;Capelle aan den IJssel;9
765;2905;Capelle aan den IJssel;9
766;2906;Capelle aan den IJssel;5
767;2907;Capelle aan den IJssel;11
768;2908;Capelle aan den IJssel;10
769;2909;Capelle aan den IJssel;7
770;2911;Zuidplas;7
771;2912;Zuidplas;5
772;2913;Zuidplas;3
773;2914;Zuidplas;4
774;2921;Krimpen aan den IJssel;1
775;2922;Krimpen aan den IJssel;1
776;2923;Krimpen aan den IJssel;1
777;2924;Krimpen aan den IJssel;1
778;2925;Krimpen aan den IJssel;1
779;2926;Krimpen aan den IJssel;1
780;2931;Krimpenerwaard;10
781;2935;Krimpenerwaard;3
782;2941;Krimpenerwaard;12
783;2951;Alblasserdam;10
784;2952;Alblasserdam;6
785;2953;Alblasserdam;7
786;2954;Alblasserdam;6
787;2957;Molenlanden;7
788;2959;Molenlanden;3
789;2961;Molenlanden;3
790;2964;Molenlanden;8
791;2965;Molenlanden;2
792;2967;Molenlanden;4
793;2968;Molenlanden;1
794;2969;Molenlanden;5
795;2971;Molenlanden;6
796;2973;Molenlanden;6
797;2974;Molenlanden;8
798;2975;Molenlanden;9
799;2977;Molenlanden;4
800;2982;Ridderkerk;2
801;2983;Ridderkerk;1
802;2984;Ridderkerk;2
803;2985;Ridderkerk;1
804;2986;Ridderkerk;1
805;2987;Ridderkerk;1
806;2988;Ridderkerk;3
807;2989;Ridderkerk;1
808;2991;Barendrecht;23
809;2992;Barendrecht;17
810;2993;Barendrecht;19
811;2994;Barendrecht;3
812;2995;Zwijndrecht;12
813;3011;Rotterdam;1
814;3012;Rotterdam;1
815;3013;Rotterdam;1
816;3014;Rotterdam;1
817;3015;Rotterdam;1
818;3016;Rotterdam;1
819;3021;Rotterdam;1
820;3022;Rotterdam;1
821;3024;Rotterdam;2
822;3025;Rotterdam;1
823;3026;Rotterdam;1
824;3027;Rotterdam;1
825;3028;Rotterdam;2
826;3029;Rotterdam;1
827;3031;Rotterdam;1
828;3032;Rotterdam;1
829;3033;Rotterdam;1
830;3034;Rotterdam;2
831;3035;Rotterdam;1
832;3037;Rotterdam;1
833;3038;Rotterdam;1
834;3039;Rotterdam;1
835;3041;Rotterdam;1
836;3042;Rotterdam;1
837;3043;Rotterdam;2
838;3044;Rotterdam;1
839;3045;Rotterdam;1
840;3046;Rotterdam;2
841;3047;Rotterdam;2
842;3051;Rotterdam;1
843;3053;Rotterdam;1
844;3054;Rotterdam;1
845;3055;Rotterdam;1
846;3056;Rotterdam;1
847;3059;Rotterdam;1
848;3061;Rotterdam;1
849;3062;Rotterdam;2
850;3063;Rotterdam;2
851;3064;Rotterdam;1
852;3065;Rotterdam;2
853;3066;Rotterdam;1
854;3067;Rotterdam;2
855;3068;Rotterdam;2
856;3071;Rotterdam;3
857;3072;Rotterdam;3
858;3073;Rotterdam;1
859;3074;Rotterdam;1
860;3075;Rotterdam;1
861;3076;Rotterdam;1
862;3077;Rotterdam;2
863;3079;Rotterdam;1
864;3081;Rotterdam;1
865;3082;Rotterdam;1
866;3083;Rotterdam;2
867;3084;Rotterdam;3
868;3085;Rotterdam;1
869;3086;Rotterdam;1
870;3087;Rotterdam;1
871;3088;Rotterdam;1
872;3089;Rotterdam;2
873;3111;Schiedam;5
874;3112;Schiedam;6
875;3113;Schiedam;1
876;3114;Schiedam;4
877;3115;Schiedam;1
878;3116;Schiedam;3
879;3117;Schiedam;6
880;3118;Schiedam;3
881;3119;Schiedam;5
882;3121;Schiedam;3
883;3122;Schiedam;3
884;3123;Schiedam;4
885;3124;Schiedam;5
886;3125;Schiedam;3
887;3131;Vlaardingen;4
888;3132;Vlaardingen;5
889;3133;Vlaardingen;7
890;3134;Vlaardingen;4
891;3135;Vlaardingen;5
892;3136;Vlaardingen;6
893;3137;Vlaardingen;8
894;3138;Vlaardingen;1
895;3141;Maassluis;4
896;3142;Maassluis;3
897;3143;Maassluis;2
898;3144;Maassluis;5
899;3145;Maassluis;2
900;3146;Maassluis;2
901;3147;Maassluis;1
902;3151;Rotterdam;3
903;3155;Midden-Delfland;6
904;3161;Albrandswaard;10
905;3162;Albrandswaard;5
906;3165;Albrandswaard;1
907;3171;Albrandswaard;5
908;3172;Albrandswaard;1
909;3176;Albrandswaard;4
910;3181;Rotterdam;2
911;3192;Rotterdam;1
912;3194;Rotterdam;1
913;3195;Rotterdam;1
914;3196;Rotterdam;1
915;3197;Rotterdam;1
916;3198;Rotterdam;1
917;3199;Rotterdam;1
918;3201;Nissewaard;19
919;3202;Nissewaard;9
920;3203;Nissewaard;4
921;3204;Nissewaard;7
922;3205;Nissewaard;13
923;3206;Nissewaard;5
924;3207;Nissewaard;10
925;3208;Nissewaard;4
926;3209;Nissewaard;2
927;3211;Nissewaard;3
928;3212;Nissewaard;2
929;3214;Nissewaard;5
930;3216;Nissewaard;2
931;3218;Nissewaard;4
932;3221;Hellevoetsluis;7
933;3222;Hellevoetsluis;6
934;3223;Hellevoetsluis;13
935;3224;Hellevoetsluis;6
936;3225;Hellevoetsluis;4
937;3227;Hellevoetsluis;3
938;3231;Brielle;4
939;3232;Brielle;5
940;3233;Westvoorne;8
941;3234;Westvoorne;1
942;3235;Westvoorne;7
943;3237;Brielle;2
944;3238;Brielle;4
945;3241;Goeree-Overflakkee;7
946;3243;Goeree-Overflakkee;2
947;3244;Goeree-Overflakkee;3
948;3245;Goeree-Overflakkee;6
949;3247;Goeree-Overflakkee;5
950;3248;Goeree-Overflakkee;2
951;3249;Goeree-Overflakkee;3
952;3251;Goeree-Overflakkee;5
953;3252;Goeree-Overflakkee;3
954;3253;Goeree-Overflakkee;9
955;3255;Goeree-Overflakkee;6
956;3256;Goeree-Overflakkee;2
957;3257;Goeree-Overflakkee;3
958;3258;Goeree-Overflakkee;2
959;3261;Hoeksche Waard;5
960;3262;Hoeksche Waard;4
961;3263;Hoeksche Waard;2
962;3264;Hoeksche Waard;2
963;3265;Hoeksche Waard;2
964;3267;Hoeksche Waard;2
965;3271;Hoeksche Waard;2
966;3273;Hoeksche Waard;2
967;3274;Hoeksche Waard;3
968;3281;Hoeksche Waard;3
969;3284;Hoeksche Waard;2
970;3286;Hoeksche Waard;2
971;3291;Hoeksche Waard;3
972;3295;Hoeksche Waard;3
973;3297;Hoeksche Waard;2
974;3299;Hoeksche Waard;2
975;3311;Dordrecht;22
976;3312;Dordrecht;11
977;3313;Dordrecht;11
978;3314;Dordrecht;16
979;3315;Dordrecht;12
980;3316;Dordrecht;17
981;3317;Dordrecht;13
982;3318;Dordrecht;5
983;3319;Dordrecht;7
984;3328;Dordrecht;10
985;3329;Dordrecht;4
986;3331;Zwijndrecht;21
987;3332;Zwijndrecht;15
988;3333;Zwijndrecht;16
989;3334;Zwijndrecht;12
990;3335;Zwijndrecht;13
991;3336;Zwijndrecht;2
992;3341;Hendrik-Ido-Ambacht;4
993;3342;Hendrik-Ido-Ambacht;3
994;3343;Hendrik-Ido-Ambacht;3
995;3344;Hendrik-Ido-Ambacht;2
996;3351;Papendrecht;1
997;3352;Papendrecht;1
998;3353;Papendrecht;1
999;3354;Papendrecht;1
1000;3355;Papendrecht;1
1001;3356;Papendrecht;3
1002;3361;Sliedrecht;13
1003;3362;Sliedrecht;7
1004;3363;Sliedrecht;7
1005;3364;Sliedrecht;5
1006;3366;Molenlanden;4
1007;3371;Hardinxveld-Giessendam;3
1008;3372;Hardinxveld-Giessendam;1
1009;3381;Molenlanden;10
1010;3401;IJsselstein;16
1011;3402;IJsselstein;6
1012;3403;IJsselstein;1
1013;3404;IJsselstein;7
1014;3405;Lopik;2
1015;3411;Lopik;7
1016;3412;Lopik;2
1017;3413;Lopik;1
1018;3415;Lopik;2
1019;3417;Montfoort;8
1020;3421;Oudewater;13
1021;3425;Oudewater;1
1022;3431;Nieuwegein;2
1023;3432;Nieuwegein;3
1024;3433;Nieuwegein;3
1025;3434;Nieuwegein;4
1026;3435;Nieuwegein;1
1027;3436;Nieuwegein;1
1028;3437;Nieuwegein;2
1029;3438;Nieuwegein;3
1030;3439;Nieuwegein;3
1031;3441;Woerden;1
1032;3442;Woerden;2
1033;3443;Woerden;3
1034;3444;Woerden;1
1035;3445;Woerden;2
1036;3446;Woerden;4
1037;3447;Woerden;2
1038;3448;Woerden;3
1039;3449;Woerden;2
1040;3451;Utrecht;2
1041;3452;Utrecht;3
1042;3453;Utrecht;1
1043;3454;Utrecht;3
1044;3455;Utrecht;1
1045;3461;Montfoort;4
1046;3464;Oudewater;2
1047;3465;Bodegraven-Reeuwijk;4
1048;3466;Bodegraven-Reeuwijk;3
1049;3467;Oudewater;2
1050;3471;Woerden;3
1051;3474;Woerden;2
1052;3481;Woerden;6
1053;3511;Utrecht;6
1054;3512;Utrecht;5
1055;3513;Utrecht;2
1056;3514;Utrecht;2
1057;3515;Utrecht;3
1058;3521;Utrecht;1
1059;3522;Utrecht;1
1060;3523;Utrecht;4
1061;3524;Utrecht;2
1062;3525;Utrecht;2
1063;3526;Utrecht;3
1064;3527;Utrecht;2
1065;3528;Utrecht;1
1066;3531;Utrecht;4
1067;3532;Utrecht;1
1068;3533;Utrecht;4
1069;3534;Utrecht;1
1070;3541;Utrecht;4
1071;3542;Utrecht;1
1072;3543;Utrecht;4
1073;3544;Utrecht;5
1074;3545;Utrecht;2
1075;3546;Utrecht;1
1076;3551;Utrecht;2
1077;3552;Utrecht;2
1078;3553;Utrecht;2
1079;3554;Utrecht;2
1080;3555;Utrecht;3
1081;3561;Utrecht;2
1082;3562;Utrecht;2
1083;3563;Utrecht;2
1084;3564;Utrecht;2
1085;3565;Utrecht;1
1086;3566;Utrecht;1
1087;3571;Utrecht;2
1088;3572;Utrecht;3
1089;3573;Utrecht;1
1090;3581;Utrecht;2
1091;3582;Utrecht;5
1092;3583;Utrecht;2
1093;3584;Utrecht;3
1094;3585;Utrecht;1
1095;3601;Stichtse Vecht;8
1096;3602;Stichtse Vecht;3
1097;3603;Stichtse Vecht;5
1098;3604;Stichtse Vecht;3
1099;3605;Stichtse Vecht;5
1100;3606;Stichtse Vecht;1
1101;3607;Stichtse Vecht;7
1102;3608;Stichtse Vecht;2
1103;3611;Stichtse Vecht;1
1104;3612;Stichtse Vecht;3
1105;3615;De Bilt;2
1106;3621;Stichtse Vecht;15
1107;3625;Wijdemeren;1
1108;3626;Stichtse Vecht;2
1109;3628;Stichtse Vecht;9
1110;3631;Stichtse Vecht;7
1111;3632;Stichtse Vecht;10
1112;3633;Stichtse Vecht;4
1113;3634;Stichtse Vecht;3
1114;3641;De Ronde Venen;7
1115;3642;De Ronde Venen;1
1116;3645;De Ronde Venen;4
1117;3646;De Ronde Venen;2
1118;3648;De Ronde Venen;3
1119;3651;Nieuwkoop;1
1120;3652;Nieuwkoop;1
1121;3701;Zeist;2
1122;3702;Zeist;1
1123;3703;Zeist;3
1124;3704;Zeist;6
1125;3705;Zeist;4
1126;3706;Zeist;1
1127;3707;Zeist;2
1128;3708;Zeist;2
1129;3709;Zeist;4
1130;3711;Zeist;2
1131;3712;Zeist;4
1132;3721;De Bilt;3
1133;3722;De Bilt;3
1134;3723;De Bilt;4
1135;3731;De Bilt;3
1136;3732;De Bilt;2
1137;3734;Zeist;3
1138;3735;Zeist;1
1139;3737;De Bilt;2
1140;3738;De Bilt;3
1141;3739;De Bilt;2
1142;3741;Baarn;6
1143;3742;Baarn;5
1144;3743;Baarn;6
1145;3744;Baarn;2
1146;3749;Baarn;2
1147;3751;Bunschoten;6
1148;3752;Bunschoten;3
1149;3754;Bunschoten;1
1150;3755;Eemnes;10
1151;3761;Soest;1
1152;3762;Soest;4
1153;3763;Soest;4
1154;3764;Soest;3
1155;3765;Soest;2
1156;3766;Soest;5
1157;3768;Soest;6
1158;3769;Soest;4
1159;3771;Barneveld;9
1160;3772;Barneveld;8
1161;3773;Barneveld;1
1162;3774;Barneveld;3
1163;3775;Barneveld;2
1164;3776;Barneveld;2
1165;3781;Barneveld;12
1166;3784;Barneveld;3
1167;3785;Barneveld;2
1168;3791;Leusden;2
1169;3792;Barneveld;1
1170;3794;Barneveld;2
1171;3811;Amersfoort;13
1172;3812;Amersfoort;13
1173;3813;Amersfoort;12
1174;3814;Amersfoort;3
1175;3815;Amersfoort;8
1176;3816;Amersfoort;8
1177;3817;Amersfoort;8
1178;3818;Amersfoort;15
1179;3819;Amersfoort;1
1180;3821;Amersfoort;4
1181;3822;Amersfoort;8
1182;3823;Amersfoort;10
1183;3824;Amersfoort;7
1184;3825;Amersfoort;14
1185;3826;Amersfoort;5
1186;3828;Amersfoort;10
1187;3829;Amersfoort;5
1188;3831;Leusden;13
1189;3832;Leusden;3
1190;3833;Leusden;6
1191;3834;Leusden;3
1192;3835;Leusden;1
1193;3836;Amersfoort;1
1194;3841;Harderwijk;6
1195;3842;Harderwijk;6
1196;3843;Harderwijk;6
1197;3844;Harderwijk;12
1198;3845;Harderwijk;12
1199;3846;Harderwijk;7
1200;3847;Harderwijk;3
1201;3848;Harderwijk;4
1202;3849;Harderwijk;6
1203;3851;Ermelo;2
1204;3852;Ermelo;9
1205;3853;Ermelo;5
1206;3861;Nijkerk;9
1207;3862;Nijkerk;11
1208;3863;Nijkerk;4
1209;3864;Nijkerk;3
1210;3871;Nijkerk;6
1211;3881;Putten;6
1212;3882;Putten;7
1213;3886;Barneveld;2
1214;3888;Apeldoorn;4
1215;3891;Zeewolde;2
1216;3892;Zeewolde;1
1217;3893;Zeewolde;1
1218;3894;Zeewolde;1
1219;3895;Zeewolde;1
1220;3896;Zeewolde;1
1221;3897;Zeewolde;2
1222;3898;Zeewolde;1
1223;3899;Zeewolde;1
1224;3901;Veenendaal;6
1225;3902;Veenendaal;7
1226;3903;Veenendaal;5
1227;3904;Veenendaal;4
1228;3905;Veenendaal;9
1229;3906;Veenendaal;4
1230;3907;Veenendaal;1
1231;3911;Rhenen;23
1232;3912;Rhenen;1
1233;3921;Rhenen;5
1234;3922;Rhenen;1
1235;3925;Scherpenzeel;3
1236;3927;Renswoude;2
1237;3931;Woudenberg;12
1238;3941;Utrechtse Heuvelrug;8
1239;3945;Wijk bij Duurstede;2
1240;3947;Wijk bij Duurstede;2
1241;3951;Utrechtse Heuvelrug;2
1242;3953;Utrechtse Heuvelrug;3
1243;3956;Utrechtse Heuvelrug;5
1244;3958;Utrechtse Heuvelrug;3
1245;3959;Utrechtse Heuvelrug;1
1246;3961;Wijk bij Duurstede;9
1247;3962;Wijk bij Duurstede;5
1248;3971;Utrechtse Heuvelrug;5
1249;3972;Utrechtse Heuvelrug;5
1250;3981;Bunnik;4
1251;3984;Bunnik;2
1252;3985;Bunnik;2
1253;3991;Houten;18
1254;3992;Houten;9
1255;3993;Houten;4
1256;3994;Houten;12
1257;3995;Houten;4
1258;3997;Houten;3
1259;3998;Houten;4
1260;3999;Houten;3
1261;4001;Tiel;7
1262;4002;Tiel;1
1263;4003;Tiel;4
1264;4004;Tiel;2
1265;4005;Tiel;2
1266;4006;Tiel;3
1267;4007;Tiel;5
1268;4011;Buren;3
1269;4012;Buren;3
1270;4013;Tiel;2
1271;4014;Tiel;2
1272;4016;Buren;1
1273;4021;Buren;2
1274;4023;Buren;2
1275;4024;Buren;2
1276;4031;Buren;5
1277;4032;Buren;2
1278;4033;Buren;4
1279;4041;Neder-Betuwe;4
1280;4043;Neder-Betuwe;2
1281;4051;Neder-Betuwe;3
1282;4053;Neder-Betuwe;2
1283;4054;Neder-Betuwe;3
1284;4061;West Betuwe;2
1285;4062;Tiel;2
1286;4063;West Betuwe;2
1287;4064;West Betuwe;2
1288;4101;Culemborg;4
1289;4102;Culemborg;1
1290;4105;Culemborg;3
1291;4111;Buren;1
1292;4112;Buren;2
1293;4115;Buren;2
1294;4116;Buren;4
1295;4117;Buren;2
1296;4119;Buren;3
1297;4121;Vijfheerenlanden;3
1298;4122;Vijfheerenlanden;1
1299;4124;Vijfheerenlanden;2
1300;4125;Vijfheerenlanden;1
1301;4126;Vijfheerenlanden;2
1302;4128;Vijfheerenlanden;4
1303;4131;Vijfheerenlanden;6
1304;4132;Vijfheerenlanden;2
1305;4133;Vijfheerenlanden;2
1306;4141;Vijfheerenlanden;2
1307;4142;Vijfheerenlanden;1
1308;4143;Vijfheerenlanden;2
1309;4145;Vijfheerenlanden;1
1310;4147;West Betuwe;4
1311;4151;West Betuwe;2
1312;4152;West Betuwe;2
1313;4153;West Betuwe;3
1314;4155;West Betuwe;2
1315;4156;West Betuwe;2
1316;4157;West Betuwe;2
1317;4158;West Betuwe;2
1318;4161;West Betuwe;3
1319;4171;West Betuwe;2
1320;4174;West Betuwe;2
1321;4175;West Betuwe;2
1322;4176;West Betuwe;2
1323;4181;West Betuwe;3
1324;4182;West Betuwe;2
1325;4184;West Betuwe;2
1326;4185;West Betuwe;2
1327;4191;West Betuwe;10
1328;4194;West Betuwe;4
1329;4196;West Betuwe;2
1330;4197;West Betuwe;2
1331;4201;Gorinchem;2
1332;4202;Gorinchem;2
1333;4203;Gorinchem;2
1334;4204;Gorinchem;1
1335;4205;Gorinchem;7
1336;4206;Gorinchem;2
1337;4207;Gorinchem;9
1338;4208;Gorinchem;2
1339;4209;Molenlanden;5
1340;4211;West Betuwe;1
1341;4213;Gorinchem;1
1342;4214;West Betuwe;2
1343;4221;Molenlanden;6
1344;4223;Molenlanden;4
1345;4225;Molenlanden;8
1346;4231;Vijfheerenlanden;3
1347;4233;Vijfheerenlanden;3
1348;4235;Vijfheerenlanden;3
1349;4241;Molenlanden;8
1350;4243;Vijfheerenlanden;4
1351;4245;Vijfheerenlanden;4
1352;4247;Vijfheerenlanden;1
1353;4251;Altena;11
1354;4254;Altena;3
1355;4255;Altena;3
1356;4261;Altena;5
1357;4264;Altena;4
1358;4265;Altena;2
1359;4266;Altena;2
1360;4267;Altena;2
1361;4268;Altena;2
1362;4269;Altena;2
1363;4271;Altena;3
1364;4273;Altena;4
1365;4281;Altena;2
1366;4283;Altena;3
1367;4284;Altena;2
1368;4285;Altena;4
1369;4286;Altena;5
1370;4287;Altena;2
1371;4288;Altena;2
1372;4301;Schouwen-Duiveland;7
1373;4303;Schouwen-Duiveland;1
1374;4305;Schouwen-Duiveland;2
1375;4306;Schouwen-Duiveland;2
1376;4307;Schouwen-Duiveland;2
1377;4308;Schouwen-Duiveland;2
1378;4311;Schouwen-Duiveland;3
1379;4315;Schouwen-Duiveland;2
1380;4316;Schouwen-Duiveland;2
1381;4317;Schouwen-Duiveland;3
1382;4318;Schouwen-Duiveland;2
1383;4321;Schouwen-Duiveland;2
1384;4322;Schouwen-Duiveland;2
1385;4323;Schouwen-Duiveland;2
1386;4325;Schouwen-Duiveland;5
1387;4326;Schouwen-Duiveland;2
1388;4327;Schouwen-Duiveland;2
1389;4328;Schouwen-Duiveland;8
1390;4331;Middelburg;4
1391;4332;Middelburg;6
1392;4333;Middelburg;12
1393;4334;Middelburg;5
1394;4335;Middelburg;9
1395;4336;Middelburg;8
1396;4337;Middelburg;6
1397;4338;Middelburg;2
1398;4339;Middelburg;7
1399;4341;Middelburg;11
1400;4351;Veere;4
1401;4352;Veere;2
1402;4353;Veere;2
1403;4354;Veere;3
1404;4356;Veere;5
1405;4357;Veere;2
1406;4361;Veere;3
1407;4363;Veere;2
1408;4364;Veere;2
1409;4365;Veere;2
1410;4371;Veere;4
1411;4373;Veere;4
1412;4374;Veere;3
1413;4381;Vlissingen;3
1414;4382;Vlissingen;10
1415;4383;Vlissingen;4
1416;4384;Vlissingen;4
1417;4385;Vlissingen;3
1418;4386;Vlissingen;4
1419;4387;Vlissingen;1
1420;4388;Vlissingen;8
1421;4389;Vlissingen;5
1422;4401;Reimerswaal;5
1423;4411;Reimerswaal;6
1424;4413;Reimerswaal;5
1425;4414;Reimerswaal;2
1426;4415;Reimerswaal;2
1427;4416;Reimerswaal;5
1428;4417;Reimerswaal;3
1429;4421;Kapelle;2
1430;4423;Kapelle;2
1431;4424;Kapelle;2
1432;4431;Borsele;2
1433;4433;Borsele;2
1434;4434;Borsele;2
1435;4435;Borsele;2
1436;4436;Borsele;2
1437;4437;Borsele;2
1438;4438;Borsele;2
1439;4441;Borsele;2
1440;4443;Borsele;2
1441;4444;Borsele;2
1442;4451;Borsele;2
1443;4453;Borsele;2
1444;4454;Borsele;2
1445;4455;Borsele;3
1446;4456;Borsele;2
1447;4458;Goes;6
1448;4461;Goes;3
1449;4462;Goes;4
1450;4463;Goes;2
1451;4464;Goes;2
1452;4465;Goes;1
1453;4471;Goes;3
1454;4472;Goes;1
1455;4474;Goes;3
1456;4475;Goes;1
1457;4481;Goes;3
1458;4484;Noord-Beveland;3
1459;4485;Noord-Beveland;2
1460;4486;Noord-Beveland;2
1461;4491;Noord-Beveland;2
1462;4493;Noord-Beveland;3
1463;4494;Noord-Beveland;2
1464;4501;Sluis;2
1465;4503;Sluis;2
1466;4504;Sluis;3
1467;4505;Sluis;2
1468;4506;Sluis;3
1469;4507;Sluis;2
1470;4508;Sluis;2
1471;4511;Sluis;2
1472;4513;Sluis;3
1473;4515;Sluis;3
1474;4521;Terneuzen;2
1475;4524;Sluis;3
1476;4525;Sluis;2
1477;4527;Sluis;2
1478;4528;Sluis;2
1479;4529;Sluis;2
1480;4531;Terneuzen;1
1481;4532;Terneuzen;3
1482;4533;Terneuzen;2
1483;4535;Terneuzen;2
1484;4536;Terneuzen;2
1485;4537;Terneuzen;3
1486;4538;Terneuzen;4
1487;4539;Terneuzen;2
1488;4541;Terneuzen;2
1489;4542;Terneuzen;2
1490;4543;Terneuzen;2
1491;4551;Terneuzen;2
1492;4553;Terneuzen;2
1493;4554;Terneuzen;2
1494;4561;Hulst;10
1495;4562;Hulst;1
1496;4564;Hulst;4
1497;4565;Hulst;2
1498;4566;Hulst;2
1499;4567;Hulst;3
1500;4568;Hulst;2
1501;4569;Hulst;3
1502;4571;Terneuzen;2
1503;4574;Terneuzen;2
1504;4575;Terneuzen;2
1505;4576;Terneuzen;2
1506;4581;Hulst;3
1507;4583;Hulst;2
1508;4584;Hulst;2
1509;4585;Hulst;2
1510;4586;Hulst;2
1511;4587;Hulst;5
1512;4588;Hulst;3
1513;4589;Hulst;2
1514;4611;Bergen op Zoom;5
1515;4612;Bergen op Zoom;1
1516;4613;Bergen op Zoom;1
1517;4614;Bergen op Zoom;4
1518;4615;Bergen op Zoom;3
1519;4616;Bergen op Zoom;1
1520;4617;Bergen op Zoom;1
1521;4621;Bergen op Zoom;1
1522;4622;Bergen op Zoom;1
1523;4623;Bergen op Zoom;1
1524;4624;Bergen op Zoom;3
1525;4625;Bergen op Zoom;3
1526;4631;Woensdrecht;4
1527;4634;Woensdrecht;2
1528;4635;Woensdrecht;4
1529;4641;Woensdrecht;4
1530;4645;Woensdrecht;2
1531;4651;Steenbergen;8
1532;4655;Steenbergen;2
1533;4661;Bergen op Zoom;8
1534;4664;Bergen op Zoom;4
1535;4671;Steenbergen;4
1536;4675;Tholen;3
1537;4681;Steenbergen;2
1538;4691;Tholen;2
1539;4693;Tholen;2
1540;4694;Tholen;2
1541;4695;Tholen;2
1542;4696;Tholen;2
1543;4697;Tholen;2
1544;4698;Tholen;2
1545;4701;Roosendaal;4
1546;4702;Roosendaal;6
1547;4703;Roosendaal;6
1548;4704;Roosendaal;1
1549;4705;Roosendaal;2
1550;4706;Roosendaal;6
1551;4707;Roosendaal;11
1552;4708;Roosendaal;8
1553;4709;Roosendaal;2
1554;4711;Rucphen;2
1555;4714;Rucphen;3
1556;4715;Rucphen;2
1557;4721;Rucphen;2
1558;4724;Roosendaal;3
1559;4725;Roosendaal;2
1560;4726;Roosendaal;2
1561;4727;Roosendaal;2
1562;4731;Halderberge;7
1563;4735;Rucphen;2
1564;4741;Halderberge;5
1565;4744;Halderberge;2
1566;4751;Halderberge;4
1567;4754;Halderberge;2
1568;4756;Steenbergen;2
1569;4758;Moerdijk;4
1570;4759;Moerdijk;1
1571;4761;Moerdijk;6
1572;4762;Moerdijk;3
1573;4765;Moerdijk;2
1574;4771;Moerdijk;2
1575;4781;Moerdijk;1
1576;4782;Moerdijk;3
1577;4791;Moerdijk;4
1578;4793;Moerdijk;4
1579;4794;Moerdijk;3
1580;4796;Moerdijk;1
1581;4797;Moerdijk;5
1582;4811;Breda;6
1583;4812;Breda;2
1584;4813;Breda;1
1585;4814;Breda;3
1586;4815;Breda;2
1587;4816;Breda;1
1588;4817;Breda;4
1589;4818;Breda;2
1590;4819;Breda;1
1591;4822;Breda;2
1592;4823;Breda;4
1593;4824;Breda;3
1594;4825;Breda;1
1595;4826;Breda;2
1596;4827;Breda;3
1597;4834;Breda;3
1598;4835;Breda;1
1599;4836;Breda;2
1600;4837;Breda;1
1601;4838;Breda;2
1602;4841;Breda;2
1603;4844;Drimmelen;3
1604;4845;Drimmelen;2
1605;4847;Breda;3
1606;4849;Oosterhout;3
1607;4851;Breda;2
1608;4854;Breda;3
1609;4855;Alphen-Chaam;2
1610;4856;Alphen-Chaam;1
1611;4858;Alphen-Chaam;1
1612;4859;Alphen-Chaam;1
1613;4861;Alphen-Chaam;3
1614;4871;Etten-Leur;15
1615;4872;Etten-Leur;5
1616;4873;Etten-Leur;10
1617;4874;Etten-Leur;5
1618;4875;Etten-Leur;2
1619;4876;Etten-Leur;7
1620;4877;Etten-Leur;1
1621;4878;Etten-Leur;1
1622;4879;Etten-Leur;1
1623;4881;Zundert;2
1624;4882;Zundert;2
1625;4884;Zundert;2
1626;4885;Zundert;2
1627;4891;Zundert;3
1628;4901;Oosterhout;5
1629;4902;Oosterhout;5
1630;4903;Oosterhout;2
1631;4904;Oosterhout;9
1632;4905;Oosterhout;3
1633;4906;Oosterhout;4
1634;4907;Oosterhout;6
1635;4908;Oosterhout;2
1636;4909;Oosterhout;3
1637;4911;Oosterhout;2
1638;4921;Drimmelen;3
1639;4924;Drimmelen;3
1640;4926;Drimmelen;4
1641;4927;Drimmelen;3
1642;4931;Geertruidenberg;5
1643;4941;Geertruidenberg;3
1644;4942;Geertruidenberg;1
1645;4944;Geertruidenberg;2
1646;5011;Tilburg;10
1647;5012;Tilburg;7
1648;5013;Tilburg;5
1649;5014;Tilburg;9
1650;5015;Tilburg;3
1651;5017;Tilburg;6
1652;5018;Tilburg;8
1653;5021;Tilburg;11
1654;5022;Tilburg;14
1655;5025;Tilburg;11
1656;5026;Tilburg;5
1657;5032;Tilburg;8
1658;5035;Tilburg;6
1659;5036;Tilburg;10
1660;5037;Tilburg;10
1661;5038;Tilburg;12
1662;5041;Tilburg;7
1663;5042;Tilburg;14
1664;5043;Tilburg;7
1665;5044;Tilburg;8
1666;5045;Tilburg;19
1667;5046;Tilburg;10
1668;5047;Tilburg;8
1669;5048;Tilburg;4
1670;5049;Tilburg;7
1671;5051;Goirle;18
1672;5052;Goirle;5
1673;5053;Goirle;3
1674;5056;Tilburg;18
1675;5057;Tilburg;1
1676;5059;Oisterwijk;1
1677;5061;Oisterwijk;11
1678;5062;Oisterwijk;8
1679;5066;Oisterwijk;5
1680;5071;Tilburg;10
1681;5074;Haaren;3
1682;5076;Haaren;5
1683;5081;Hilvarenbeek;2
1684;5084;Hilvarenbeek;2
1685;5085;Hilvarenbeek;2
1686;5087;Hilvarenbeek;3
1687;5089;Hilvarenbeek;2
1688;5091;Oirschot;5
1689;5094;Reusel-De Mierden;2
1690;5095;Reusel-De Mierden;2
1691;5096;Reusel-De Mierden;2
1692;5101;Dongen;2
1693;5102;Dongen;3
1694;5103;Dongen;2
1695;5104;Dongen;2
1696;5105;Dongen;2
1697;5106;Dongen;3
1698;5107;Dongen;1
1699;5109;Dongen;2
1700;5111;Baarle-Nassau;4
1701;5113;Baarle-Nassau;2
1702;5114;Baarle-Nassau;1
1703;5121;Gilze en Rijen;3
1704;5124;Gilze en Rijen;2
1705;5125;Gilze en Rijen;2
1706;5126;Gilze en Rijen;3
1707;5131;Alphen-Chaam;3
1708;5133;Goirle;5
1709;5141;Waalwijk;2
1710;5142;Waalwijk;3
1711;5143;Waalwijk;3
1712;5144;Waalwijk;4
1713;5145;Waalwijk;2
1714;5146;Waalwijk;1
1715;5151;Heusden;4
1716;5152;Heusden;1
1717;5154;Heusden;1
1718;5156;Heusden;1
1719;5157;Heusden;1
1720;5158;Heusden;1
1721;5161;Waalwijk;4
1722;5165;Waalwijk;4
1723;5171;Loon op Zand;21
1724;5172;Loon op Zand;2
1725;5175;Loon op Zand;8
1726;5176;Loon op Zand;1
1727;5211;'s-Hertogenbosch;6
1728;5212;'s-Hertogenbosch;3
1729;5213;'s-Hertogenbosch;4
1730;5215;'s-Hertogenbosch;4
1731;5216;'s-Hertogenbosch;8
1732;5221;'s-Hertogenbosch;6
1733;5222;'s-Hertogenbosch;3
1734;5223;'s-Hertogenbosch;6
1735;5224;'s-Hertogenbosch;1
1736;5231;'s-Hertogenbosch;9
1737;5232;'s-Hertogenbosch;2
1738;5233;'s-Hertogenbosch;5
1739;5234;'s-Hertogenbosch;1
1740;5235;'s-Hertogenbosch;5
1741;5236;'s-Hertogenbosch;6
1742;5237;'s-Hertogenbosch;5
1743;5241;'s-Hertogenbosch;4
1744;5242;'s-Hertogenbosch;2
1745;5243;'s-Hertogenbosch;2
1746;5244;'s-Hertogenbosch;2
1747;5245;'s-Hertogenbosch;5
1748;5246;'s-Hertogenbosch;2
1749;5247;'s-Hertogenbosch;3
1750;5248;'s-Hertogenbosch;3
1751;5249;'s-Hertogenbosch;2
1752;5251;Heusden;3
1753;5253;Heusden;1
1754;5254;Heusden;1
1755;5255;Heusden;1
1756;5256;Heusden;1
1757;5257;Heusden;1
1758;5258;Sint-Michielsgestel;8
1759;5261;Vught;4
1760;5262;Vught;6
1761;5263;Vught;5
1762;5266;Vught;2
1763;5268;Haaren;5
1764;5271;Sint-Michielsgestel;8
1765;5272;Sint-Michielsgestel;1
1766;5275;Sint-Michielsgestel;3
1767;5281;Boxtel;5
1768;5282;Boxtel;3
1769;5283;Boxtel;4
1770;5291;Sint-Michielsgestel;2
1771;5292;Sint-Michielsgestel;1
1772;5296;Haaren;2
1773;5298;Boxtel;5
1774;5301;Zaltbommel;5
1775;5302;Zaltbommel;1
1776;5305;Zaltbommel;2
1777;5306;Zaltbommel;2
1778;5307;Zaltbommel;3
1779;5308;Zaltbommel;3
1780;5311;Zaltbommel;2
1781;5313;Zaltbommel;1
1782;5314;Zaltbommel;2
1783;5315;Zaltbommel;1
1784;5316;Zaltbommel;2
1785;5317;Zaltbommel;3
1786;5321;Maasdriel;3
1787;5324;Maasdriel;2
1788;5325;Maasdriel;3
1789;5327;Maasdriel;1
1790;5328;Maasdriel;3
1791;5331;Maasdriel;3
1792;5333;Maasdriel;1
1793;5334;Maasdriel;3
1794;5335;Maasdriel;2
1795;5341;Oss;3
1796;5342;Oss;11
1797;5343;Oss;5
1798;5344;Oss;6
1799;5345;Oss;12
1800;5346;Oss;7
1801;5347;Oss;3
1802;5348;Oss;6
1803;5349;Oss;3
1804;5351;Oss;5
1805;5352;Oss;2
1806;5353;Oss;1
1807;5354;Oss;1
1808;5355;Oss;1
1809;5356;Oss;1
1810;5357;Oss;1
1811;5358;Oss;2
1812;5359;Oss;1
1813;5361;Land van Cuijk;7
1814;5363;Land van Cuijk;5
1815;5364;Land van Cuijk;3
1816;5366;Oss;2
1817;5367;Oss;3
1818;5368;Oss;2
1819;5371;Oss;3
1820;5373;Oss;3
1821;5374;Maashorst;4
1822;5375;Maashorst;2
1823;5382;'s-Hertogenbosch;2
1824;5383;'s-Hertogenbosch;1
1825;5384;Bernheze;23
1826;5386;Oss;4
1827;5388;Bernheze;12
1828;5391;'s-Hertogenbosch;5
1829;5394;Oss;2
1830;5395;Oss;1
1831;5396;Oss;3
1832;5397;Oss;3
1833;5398;Oss;5
1834;5401;Maashorst;4
1835;5402;Maashorst;3
1836;5403;Maashorst;4
1837;5404;Maashorst;1
1838;5405;Maashorst;2
1839;5406;Maashorst;7
1840;5408;Maashorst;3
1841;5409;Maashorst;2
1842;5411;Maashorst;7
1843;5421;Gemert-Bakel;6
1844;5422;Gemert-Bakel;2
1845;5423;Gemert-Bakel;3
1846;5424;Gemert-Bakel;2
1847;5425;Gemert-Bakel;3
1848;5427;Boekel;6
1849;5428;Boekel;2
1850;5431;Land van Cuijk;6
1851;5432;Land van Cuijk;1
1852;5433;Land van Cuijk;3
1853;5434;Land van Cuijk;2
1854;5435;Land van Cuijk;2
1855;5437;Land van Cuijk;2
1856;5438;Land van Cuijk;2
1857;5439;Land van Cuijk;2
1858;5441;Land van Cuijk;2
1859;5443;Land van Cuijk;2
1860;5445;Land van Cuijk;2
1861;5446;Land van Cuijk;2
1862;5447;Land van Cuijk;2
1863;5451;Land van Cuijk;9
1864;5453;Land van Cuijk;2
1865;5454;Land van Cuijk;2
1866;5455;Land van Cuijk;2
1867;5461;Meierijstad;4
1868;5462;Meierijstad;4
1869;5463;Meierijstad;8
1870;5464;Meierijstad;5
1871;5465;Meierijstad;4
1872;5466;Meierijstad;3
1873;5467;Meierijstad;5
1874;5469;Meierijstad;13
1875;5472;Bernheze;1
1876;5473;Bernheze;16
1877;5476;Bernheze;1
1878;5481;Meierijstad;13
1879;5482;Meierijstad;16
1880;5491;Meierijstad;12
1881;5492;Meierijstad;6
1882;5501;Veldhoven;1
1883;5502;Veldhoven;1
1884;5503;Veldhoven;2
1885;5504;Veldhoven;2
1886;5505;Veldhoven;1
1887;5506;Veldhoven;2
1888;5507;Veldhoven;3
1889;5508;Veldhoven;4
1890;5509;Veldhoven;1
1891;5511;Eersel;3
1892;5512;Eersel;2
1893;5513;Eersel;2
1894;5521;Eersel;11
1895;5524;Eersel;2
1896;5525;Eersel;4
1897;5527;Bladel;8
1898;5528;Bladel;3
1899;5529;Bladel;2
1900;5531;Bladel;10
1901;5534;Bladel;2
1902;5541;Reusel-De Mierden;5
1903;5551;Valkenswaard;7
1904;5552;Valkenswaard;2
1905;5553;Valkenswaard;1
1906;5554;Valkenswaard;4
1907;5555;Valkenswaard;2
1908;5556;Valkenswaard;4
1909;5561;Bergeijk;9
1910;5563;Bergeijk;10
1911;5571;Bergeijk;27
1912;5575;Bergeijk;13
1913;5581;Waalre;2
1914;5582;Waalre;2
1915;5583;Waalre;1
1916;5591;Heeze-Leende;3
1917;5595;Heeze-Leende;6
1918;5611;Eindhoven;6
1919;5612;Eindhoven;7
1920;5613;Eindhoven;2
1921;5614;Eindhoven;2
1922;5615;Eindhoven;5
1923;5616;Eindhoven;6
1924;5617;Eindhoven;1
1925;5621;Eindhoven;1
1926;5622;Eindhoven;3
1927;5623;Eindhoven;3
1928;5624;Eindhoven;2
1929;5625;Eindhoven;4
1930;5626;Eindhoven;3
1931;5627;Eindhoven;3
1932;5628;Eindhoven;2
1933;5629;Eindhoven;3
1934;5631;Eindhoven;6
1935;5632;Eindhoven;4
1936;5633;Eindhoven;2
1937;5641;Eindhoven;3
1938;5642;Eindhoven;3
1939;5643;Eindhoven;5
1940;5644;Eindhoven;7
1941;5645;Eindhoven;3
1942;5646;Eindhoven;2
1943;5651;Eindhoven;5
1944;5652;Eindhoven;3
1945;5653;Eindhoven;2
1946;5654;Eindhoven;4
1947;5655;Eindhoven;2
1948;5656;Eindhoven;1
1949;5657;Eindhoven;5
1950;5658;Eindhoven;5
1951;5661;Geldrop-Mierlo;1
1952;5662;Geldrop-Mierlo;1
1953;5663;Geldrop-Mierlo;2
1954;5664;Geldrop-Mierlo;2
1955;5665;Geldrop-Mierlo;1
1956;5666;Geldrop-Mierlo;1
1957;5667;Geldrop-Mierlo;1
1958;5671;Nuenen, Gerwen en Nederwetten;1
1959;5672;Nuenen, Gerwen en Nederwetten;1
1960;5673;Nuenen, Gerwen en Nederwetten;1
1961;5674;Nuenen, Gerwen en Nederwetten;7
1962;5681;Best;1
1963;5682;Best;2
1964;5683;Best;6
1965;5684;Best;8
1966;5685;Best;2
1967;5688;Oirschot;10
1968;5691;Son en Breugel;3
1969;5692;Son en Breugel;2
1970;5694;Son en Breugel;3
1971;5701;Helmond;6
1972;5702;Helmond;3
1973;5703;Helmond;4
1974;5704;Helmond;5
1975;5705;Helmond;2
1976;5706;Helmond;7
1977;5707;Helmond;8
1978;5708;Helmond;5
1979;5709;Helmond;4
1980;5711;Someren;2
1981;5712;Someren;6
1982;5715;Someren;4
1983;5721;Asten;22
1984;5724;Asten;3
1985;5725;Asten;2
1986;5731;Geldrop-Mierlo;2
1987;5735;Laarbeek;5
1988;5737;Laarbeek;3
1989;5738;Laarbeek;2
1990;5741;Laarbeek;5
1991;5751;Deurne;3
1992;5752;Deurne;2
1993;5753;Deurne;2
1994;5754;Deurne;2
1995;5756;Deurne;2
1996;5757;Deurne;2
1997;5758;Deurne;2
1998;5759;Deurne;2
1999;5761;Gemert-Bakel;3
2000;5763;Gemert-Bakel;3
2001;5764;Gemert-Bakel;2
2002;5766;Horst aan de Maas;2
2003;5768;Peel en Maas;6
2004;5801;Venray;7
2005;5802;Venray;5
2006;5803;Venray;5
2007;5804;Venray;2
2008;5807;Venray;1
2009;5808;Venray;1
2010;5809;Venray;1
2011;5811;Venray;1
2012;5812;Venray;1
2013;5813;Venray;1
2014;5814;Venray;1
2015;5815;Venray;1
2016;5816;Venray;1
2017;5817;Venray;1
2018;5821;Land van Cuijk;2
2019;5823;Land van Cuijk;2
2020;5824;Land van Cuijk;2
2021;5825;Land van Cuijk;4
2022;5826;Land van Cuijk;1
2023;5827;Land van Cuijk;2
2024;5831;Land van Cuijk;10
2025;5835;Land van Cuijk;2
2026;5836;Land van Cuijk;2
2027;5841;Land van Cuijk;2
2028;5843;Land van Cuijk;2
2029;5844;Land van Cuijk;2
2030;5845;Land van Cuijk;2
2031;5846;Land van Cuijk;2
2032;5851;Bergen (L.);2
2033;5853;Bergen (L.);2
2034;5854;Bergen (L.);7
2035;5855;Bergen (L.);3
2036;5856;Bergen (L.);2
2037;5861;Venray;1
2038;5862;Venray;1
2039;5863;Venray;1
2040;5864;Horst aan de Maas;2
2041;5865;Horst aan de Maas;2
2042;5866;Horst aan de Maas;2
2043;5871;Horst aan de Maas;2
2044;5872;Horst aan de Maas;2
2045;5911;Venlo;4
2046;5912;Venlo;10
2047;5913;Venlo;8
2048;5914;Venlo;5
2049;5915;Venlo;12
2050;5916;Venlo;6
2051;5921;Venlo;2
2052;5922;Venlo;3
2053;5923;Venlo;4
2054;5924;Venlo;4
2055;5925;Venlo;2
2056;5926;Venlo;3
2057;5927;Venlo;2
2058;5928;Venlo;12
2059;5931;Venlo;5
2060;5932;Venlo;7
2061;5935;Venlo;2
2062;5941;Venlo;7
2063;5943;Venlo;3
2064;5944;Venlo;4
2065;5951;Venlo;8
2066;5953;Beesel;4
2067;5954;Beesel;4
2068;5961;Horst aan de Maas;12
2069;5962;Horst aan de Maas;2
2070;5963;Horst aan de Maas;2
2071;5964;Horst aan de Maas;2
2072;5966;Horst aan de Maas;4
2073;5971;Horst aan de Maas;6
2074;5973;Horst aan de Maas;2
2075;5975;Horst aan de Maas;3
2076;5976;Horst aan de Maas;2
2077;5977;Horst aan de Maas;2
2078;5981;Peel en Maas;3
2079;5984;Peel en Maas;1
2080;5985;Peel en Maas;3
2081;5986;Peel en Maas;2
2082;5987;Peel en Maas;2
2083;5988;Peel en Maas;2
2084;5991;Peel en Maas;5
2085;5993;Peel en Maas;3
2086;5995;Peel en Maas;5
2087;6001;Weert;5
2088;6002;Weert;5
2089;6003;Weert;8
2090;6004;Weert;5
2091;6005;Weert;6
2092;6006;Weert;7
2093;6011;Leudal;2
2094;6012;Leudal;2
2095;6013;Leudal;2
2096;6014;Leudal;2
2097;6015;Leudal;2
2098;6017;Maasgouw;2
2099;6019;Maasgouw;1
2100;6021;Cranendonck;5
2101;6023;Cranendonck;3
2102;6024;Cranendonck;3
2103;6026;Cranendonck;5
2104;6027;Cranendonck;2
2105;6028;Cranendonck;2
2106;6029;Heeze-Leende;3
2107;6031;Nederweert;6
2108;6034;Nederweert;2
2109;6035;Nederweert;5
2110;6037;Leudal;2
2111;6039;Weert;2
2112;6041;Roermond;7
2113;6042;Roermond;7
2114;6043;Roermond;4
2115;6044;Roermond;2
2116;6045;Roermond;5
2117;6049;Roermond;4
2118;6051;Maasgouw;3
2119;6061;Roerdalen;5
2120;6063;Roerdalen;6
2121;6065;Roerdalen;2
2122;6067;Maasgouw;2
2123;6071;Roermond;7
2124;6074;Roerdalen;2
2125;6075;Roerdalen;4
2126;6077;Roerdalen;5
2127;6081;Leudal;2
2128;6082;Leudal;2
2129;6083;Leudal;2
2130;6085;Leudal;2
2131;6086;Leudal;2
2132;6088;Leudal;2
2133;6089;Leudal;2
2134;6091;Nederweert;2
2135;6093;Leudal;2
2136;6095;Leudal;2
2137;6096;Leudal;2
2138;6097;Maasgouw;3
2139;6099;Maasgouw;1
2140;6101;Echt-Susteren;15
2141;6102;Echt-Susteren;6
2142;6104;Echt-Susteren;5
2143;6105;Echt-Susteren;3
2144;6107;Maasgouw;2
2145;6109;Maasgouw;2
2146;6112;Echt-Susteren;2
2147;6114;Echt-Susteren;14
2148;6116;Echt-Susteren;6
2149;6118;Echt-Susteren;3
2150;6121;Sittard-Geleen;5
2151;6122;Sittard-Geleen;1
2152;6123;Sittard-Geleen;1
2153;6124;Sittard-Geleen;1
2154;6125;Sittard-Geleen;1
2155;6127;Sittard-Geleen;1
2156;6129;Stein;4
2157;6131;Sittard-Geleen;1
2158;6132;Sittard-Geleen;2
2159;6133;Sittard-Geleen;1
2160;6134;Sittard-Geleen;1
2161;6135;Sittard-Geleen;2
2162;6136;Sittard-Geleen;4
2163;6137;Sittard-Geleen;4
2164;6141;Sittard-Geleen;1
2165;6142;Sittard-Geleen;1
2166;6143;Sittard-Geleen;1
2167;6151;Sittard-Geleen;1
2168;6153;Sittard-Geleen;1
2169;6155;Beekdaelen;2
2170;6161;Sittard-Geleen;1
2171;6162;Sittard-Geleen;1
2172;6163;Sittard-Geleen;2
2173;6164;Sittard-Geleen;1
2174;6165;Sittard-Geleen;1
2175;6166;Sittard-Geleen;1
2176;6171;Stein;6
2177;6174;Beekdaelen;1
2178;6176;Beek;1
2179;6181;Stein;3
2180;6191;Beek;6
2181;6199;Beek;1
2182;6211;Maastricht;5
2183;6212;Maastricht;3
2184;6213;Maastricht;3
2185;6214;Maastricht;1
2186;6215;Maastricht;2
2187;6216;Maastricht;2
2188;6217;Maastricht;4
2189;6218;Maastricht;3
2190;6219;Maastricht;3
2191;6221;Maastricht;3
2192;6222;Maastricht;4
2193;6223;Maastricht;2
2194;6224;Maastricht;2
2195;6225;Maastricht;1
2196;6226;Maastricht;1
2197;6227;Maastricht;1
2198;6228;Maastricht;2
2199;6229;Maastricht;2
2200;6231;Meerssen;5
2201;6235;Meerssen;2
2202;6237;Meerssen;1
2203;6241;Meerssen;2
2204;6243;Meerssen;4
2205;6245;Eijsden-Margraten;7
2206;6247;Eijsden-Margraten;2
2207;6251;Eijsden-Margraten;1
2208;6255;Eijsden-Margraten;5
2209;6261;Eijsden-Margraten;1
2210;6262;Eijsden-Margraten;1
2211;6265;Eijsden-Margraten;5
2212;6267;Eijsden-Margraten;3
2213;6268;Eijsden-Margraten;3
2214;6269;Eijsden-Margraten;5
2215;6271;Gulpen-Wittem;3
2216;6273;Gulpen-Wittem;1
2217;6274;Gulpen-Wittem;1
2218;6276;Gulpen-Wittem;1
2219;6277;Gulpen-Wittem;2
2220;6278;Gulpen-Wittem;1
2221;6281;Gulpen-Wittem;4
2222;6285;Gulpen-Wittem;3
2223;6286;Gulpen-Wittem;4
2224;6287;Gulpen-Wittem;4
2225;6289;Gulpen-Wittem;1
2226;6291;Vaals;4
2227;6294;Vaals;3
2228;6295;Vaals;2
2229;6301;Valkenburg aan de Geul;17
2230;6305;Valkenburg aan de Geul;7
2231;6307;Eijsden-Margraten;1
2232;6311;Voerendaal;1
2233;6321;Gulpen-Wittem;4
2234;6325;Valkenburg aan de Geul;6
2235;6333;Beekdaelen;3
2236;6336;Beekdaelen;3
2237;6342;Valkenburg aan de Geul;1
2238;6343;Voerendaal;6
2239;6351;Simpelveld;4
2240;6361;Beekdaelen;5
2241;6363;Beekdaelen;2
2242;6365;Beekdaelen;3
2243;6367;Voerendaal;9
2244;6369;Simpelveld;5
2245;6371;Landgraaf;5
2246;6372;Landgraaf;9
2247;6373;Landgraaf;5
2248;6374;Landgraaf;8
2249;6411;Heerlen;6
2250;6412;Heerlen;7
2251;6413;Heerlen;6
2252;6414;Heerlen;7
2253;6415;Heerlen;4
2254;6416;Heerlen;5
2255;6417;Heerlen;3
2256;6418;Heerlen;4
2257;6419;Heerlen;5
2258;6422;Heerlen;1
2259;6431;Heerlen;4
2260;6432;Heerlen;2
2261;6433;Heerlen;3
2262;6436;Beekdaelen;2
2263;6438;Beekdaelen;2
2264;6439;Beekdaelen;1
2265;6441;Brunssum;12
2266;6442;Brunssum;7
2267;6443;Brunssum;8
2268;6444;Brunssum;8
2269;6445;Brunssum;6
2270;6446;Brunssum;4
2271;6447;Beekdaelen;1
2272;6451;Beekdaelen;2
2273;6454;Beekdaelen;1
2274;6456;Beekdaelen;1
2275;6461;Kerkrade;2
2276;6462;Kerkrade;2
2277;6463;Kerkrade;3
2278;6464;Kerkrade;2
2279;6465;Kerkrade;1
2280;6466;Kerkrade;3
2281;6467;Kerkrade;1
2282;6468;Kerkrade;1
2283;6471;Kerkrade;3
2284;6511;Nijmegen;2
2285;6512;Nijmegen;1
2286;6515;Nijmegen;2
2287;6521;Nijmegen;1
2288;6522;Nijmegen;2
2289;6523;Nijmegen;2
2290;6524;Nijmegen;1
2291;6525;Nijmegen;3
2292;6531;Nijmegen;2
2293;6532;Nijmegen;1
2294;6533;Nijmegen;3
2295;6535;Nijmegen;1
2296;6536;Nijmegen;2
2297;6537;Nijmegen;4
2298;6538;Nijmegen;3
2299;6541;Nijmegen;2
2300;6542;Nijmegen;2
2301;6543;Nijmegen;1
2302;6544;Nijmegen;1
2303;6545;Nijmegen;3
2304;6546;Nijmegen;4
2305;6551;Beuningen;5
2306;6561;Berg en Dal;5
2307;6562;Berg en Dal;11
2308;6564;Berg en Dal;2
2309;6566;Berg en Dal;5
2310;6571;Berg en Dal;2
2311;6572;Berg en Dal;1
2312;6573;Berg en Dal;4
2313;6574;Berg en Dal;1
2314;6575;Berg en Dal;1
2315;6576;Berg en Dal;3
2316;6577;Berg en Dal;1
2317;6578;Berg en Dal;3
2318;6579;Berg en Dal;2
2319;6581;Heumen;6
2320;6582;Heumen;4
2321;6584;Mook en Middelaar;1
2322;6585;Mook en Middelaar;2
2323;6586;Mook en Middelaar;1
2324;6587;Mook en Middelaar;1
2325;6591;Gennep;5
2326;6595;Gennep;3
2327;6596;Gennep;3
2328;6598;Gennep;3
2329;6599;Gennep;2
2330;6601;Wijchen;7
2331;6602;Wijchen;6
2332;6603;Wijchen;7
2333;6604;Wijchen;7
2334;6605;Wijchen;19
2335;6606;Wijchen;3
2336;6611;Heumen;5
2337;6612;Heumen;4
2338;6613;Wijchen;2
2339;6615;Wijchen;2
2340;6616;Wijchen;2
2341;6617;Wijchen;3
2342;6621;West Maas en Waal;2
2343;6624;Maasdriel;3
2344;6626;West Maas en Waal;2
2345;6627;West Maas en Waal;2
2346;6628;West Maas en Waal;2
2347;6629;West Maas en Waal;2
2348;6631;Druten;3
2349;6634;Wijchen;2
2350;6641;Beuningen;20
2351;6642;Beuningen;5
2352;6644;Beuningen;9
2353;6645;Beuningen;4
2354;6651;Druten;5
2355;6652;Druten;1
2356;6653;Druten;3
2357;6654;Druten;3
2358;6655;Druten;2
2359;6657;West Maas en Waal;2
2360;6658;West Maas en Waal;2
2361;6659;West Maas en Waal;2
2362;6661;Overbetuwe;12
2363;6662;Overbetuwe;15
2364;6663;Nijmegen;1
2365;6665;Overbetuwe;8
2366;6666;Overbetuwe;10
2367;6668;Overbetuwe;5
2368;6669;Neder-Betuwe;4
2369;6671;Overbetuwe;9
2370;6672;Overbetuwe;2
2371;6673;Overbetuwe;5
2372;6674;Overbetuwe;5
2373;6675;Overbetuwe;5
2374;6676;Overbetuwe;1
2375;6677;Overbetuwe;4
2376;6678;Overbetuwe;6
2377;6681;Lingewaard;4
2378;6684;Lingewaard;1
2379;6685;Lingewaard;3
2380;6686;Lingewaard;2
2381;6687;Lingewaard;2
2382;6691;Lingewaard;7
2383;6701;Wageningen;3
2384;6702;Wageningen;2
2385;6703;Wageningen;3
2386;6704;Wageningen;2
2387;6705;Wageningen;1
2388;6706;Wageningen;2
2389;6707;Wageningen;2
2390;6708;Wageningen;13
2391;6709;Wageningen;5
2392;6711;Ede;5
2393;6712;Ede;2
2394;6713;Ede;4
2395;6714;Ede;3
2396;6715;Ede;3
2397;6716;Ede;7
2398;6717;Ede;7
2399;6718;Ede;10
2400;6721;Ede;6
2401;6731;Ede;3
2402;6732;Ede;4
2403;6733;Ede;3
2404;6741;Ede;8
2405;6744;Ede;2
2406;6745;Ede;2
2407;6811;Arnhem;6
2408;6812;Arnhem;2
2409;6813;Arnhem;4
2410;6814;Arnhem;5
2411;6815;Arnhem;1
2412;6816;Arnhem;4
2413;6821;Arnhem;4
2414;6822;Arnhem;5
2415;6823;Arnhem;3
2416;6824;Arnhem;6
2417;6825;Arnhem;3
2418;6826;Arnhem;4
2419;6827;Arnhem;2
2420;6828;Arnhem;7
2421;6831;Arnhem;2
2422;6832;Arnhem;4
2423;6833;Arnhem;3
2424;6834;Arnhem;2
2425;6835;Arnhem;2
2426;6836;Arnhem;3
2427;6841;Arnhem;2
2428;6842;Arnhem;1
2429;6843;Arnhem;3
2430;6844;Arnhem;1
2431;6845;Arnhem;1
2432;6846;Arnhem;3
2433;6851;Lingewaard;5
2434;6852;Lingewaard;2
2435;6861;Renkum;8
2436;6862;Renkum;8
2437;6865;Renkum;6
2438;6866;Renkum;8
2439;6869;Renkum;2
2440;6871;Renkum;13
2441;6874;Renkum;8
2442;6877;Ede;1
2443;6881;Rheden;2
2444;6882;Rheden;1
2445;6883;Rheden;2
2446;6891;Rozendaal;2
2447;6901;Zevenaar;4
2448;6902;Zevenaar;4
2449;6903;Zevenaar;5
2450;6904;Zevenaar;2
2451;6905;Zevenaar;5
2452;6909;Zevenaar;2
2453;6911;Zevenaar;3
2454;6913;Zevenaar;2
2455;6914;Zevenaar;2
2456;6915;Zevenaar;1
2457;6916;Zevenaar;2
2458;6917;Zevenaar;2
2459;6921;Duiven;10
2460;6922;Duiven;2
2461;6923;Duiven;1
2462;6924;Duiven;1
2463;6931;Westervoort;3
2464;6932;Westervoort;3
2465;6941;Montferland;3
2466;6942;Montferland;6
2467;6951;Rheden;1
2468;6952;Rheden;2
2469;6953;Rheden;2
2470;6955;Rheden;2
2471;6956;Rheden;2
2472;6957;Rheden;2
2473;6961;Brummen;11
2474;6964;Brummen;3
2475;6971;Brummen;18
2476;6974;Brummen;3
2477;6975;Brummen;1
2478;6981;Doesburg;3
2479;6982;Doesburg;2
2480;6983;Doesburg;3
2481;6984;Doesburg;3
2482;6986;Zevenaar;2
2483;6987;Zevenaar;1
2484;6988;Zevenaar;3
2485;6991;Rheden;4
2486;6994;Rheden;3
2487;6996;Bronckhorst;3
2488;6997;Bronckhorst;2
2489;6998;Bronckhorst;2
2490;6999;Bronckhorst;4
2491;7001;Doetinchem;6
2492;7002;Doetinchem;8
2493;7003;Doetinchem;3
2494;7004;Doetinchem;8
2495;7005;Doetinchem;4
2496;7006;Doetinchem;9
2497;7007;Doetinchem;13
2498;7008;Doetinchem;4
2499;7009;Doetinchem;10
2500;7011;Doetinchem;7
2501;7021;Bronckhorst;4
2502;7025;Bronckhorst;2
2503;7031;Doetinchem;11
2504;7035;Montferland;2
2505;7036;Montferland;1
2506;7037;Montferland;3
2507;7038;Montferland;2
2508;7039;Montferland;3
2509;7041;Montferland;2
2510;7044;Montferland;1
2511;7045;Montferland;2
2512;7047;Montferland;2
2513;7051;Oude IJsselstreek;2
2514;7054;Oude IJsselstreek;2
2515;7055;Oude IJsselstreek;2
2516;7061;Oude IJsselstreek;3
2517;7064;Oude IJsselstreek;3
2518;7065;Oude IJsselstreek;2
2519;7071;Oude IJsselstreek;4
2520;7075;Oude IJsselstreek;2
2521;7076;Oude IJsselstreek;1
2522;7077;Oude IJsselstreek;2
2523;7078;Oude IJsselstreek;2
2524;7081;Oude IJsselstreek;4
2525;7083;Oude IJsselstreek;1
2526;7084;Oude IJsselstreek;2
2527;7091;Aalten;4
2528;7095;Aalten;2
2529;7101;Winterswijk;2
2530;7102;Winterswijk;2
2531;7103;Winterswijk;2
2532;7104;Winterswijk;3
2533;7106;Winterswijk;1
2534;7107;Winterswijk;2
2535;7108;Winterswijk;2
2536;7109;Winterswijk;2
2537;7115;Winterswijk;1
2538;7121;Aalten;8
2539;7122;Aalten;12
2540;7123;Aalten;1
2541;7126;Aalten;2
2542;7131;Oost Gelre;12
2543;7132;Oost Gelre;4
2544;7134;Oost Gelre;2
2545;7135;Oost Gelre;2
2546;7136;Oost Gelre;2
2547;7137;Oost Gelre;2
2548;7141;Oost Gelre;14
2549;7142;Oost Gelre;1
2550;7151;Berkelland;13
2551;7152;Berkelland;7
2552;7156;Berkelland;4
2553;7157;Berkelland;2
2554;7161;Berkelland;13
2555;7165;Berkelland;2
2556;7201;Zutphen;3
2557;7202;Zutphen;1
2558;7203;Zutphen;4
2559;7204;Zutphen;7
2560;7205;Zutphen;1
2561;7206;Zutphen;5
2562;7207;Zutphen;5
2563;7211;Lochem;2
2564;7213;Lochem;2
2565;7214;Lochem;2
2566;7215;Lochem;1
2567;7216;Lochem;1
2568;7217;Lochem;2
2569;7218;Lochem;3
2570;7221;Bronckhorst;3
2571;7223;Bronckhorst;2
2572;7224;Bronckhorst;1
2573;7225;Bronckhorst;2
2574;7226;Bronckhorst;1
2575;7227;Bronckhorst;2
2576;7231;Zutphen;3
2577;7232;Zutphen;2
2578;7233;Bronckhorst;1
2579;7234;Bronckhorst;2
2580;7241;Lochem;10
2581;7242;Lochem;2
2582;7244;Lochem;4
2583;7245;Lochem;7
2584;7251;Bronckhorst;5
2585;7255;Bronckhorst;7
2586;7256;Bronckhorst;2
2587;7261;Berkelland;13
2588;7263;Oost Gelre;2
2589;7271;Berkelland;12
2590;7273;Berkelland;2
2591;7274;Berkelland;2
2592;7275;Berkelland;2
2593;7311;Apeldoorn;3
2594;7312;Apeldoorn;3
2595;7313;Apeldoorn;2
2596;7314;Apeldoorn;3
2597;7315;Apeldoorn;4
2598;7316;Apeldoorn;3
2599;7317;Apeldoorn;1
2600;7321;Apeldoorn;3
2601;7322;Apeldoorn;4
2602;7323;Apeldoorn;4
2603;7324;Apeldoorn;1
2604;7325;Apeldoorn;6
2605;7326;Apeldoorn;2
2606;7327;Apeldoorn;2
2607;7328;Apeldoorn;3
2608;7329;Apeldoorn;1
2609;7331;Apeldoorn;3
2610;7332;Apeldoorn;3
2611;7333;Apeldoorn;3
2612;7334;Apeldoorn;3
2613;7335;Apeldoorn;3
2614;7336;Apeldoorn;2
2615;7339;Apeldoorn;4
2616;7341;Apeldoorn;2
2617;7345;Apeldoorn;3
2618;7346;Apeldoorn;2
2619;7348;Apeldoorn;1
2620;7351;Apeldoorn;3
2621;7352;Ede;1
2622;7361;Apeldoorn;4
2623;7364;Apeldoorn;3
2624;7371;Apeldoorn;3
2625;7381;Apeldoorn;3
2626;7382;Voorst;3
2627;7383;Voorst;8
2628;7384;Voorst;6
2629;7391;Voorst;4
2630;7392;Voorst;1
2631;7395;Voorst;2
2632;7396;Voorst;4
2633;7397;Voorst;2
2634;7399;Brummen;3
2635;7411;Deventer;7
2636;7412;Deventer;6
2637;7413;Deventer;4
2638;7414;Deventer;2
2639;7415;Deventer;7
2640;7416;Deventer;2
2641;7417;Deventer;3
2642;7418;Deventer;4
2643;7419;Deventer;1
2644;7421;Deventer;5
2645;7422;Deventer;2
2646;7423;Deventer;3
2647;7424;Deventer;2
2648;7425;Deventer;4
2649;7426;Deventer;1
2650;7427;Deventer;1
2651;7428;Deventer;1
2652;7429;Deventer;1
2653;7431;Deventer;3
2654;7433;Deventer;2
2655;7434;Deventer;3
2656;7435;Deventer;1
2657;7437;Deventer;4
2658;7439;Voorst;1
2659;7441;Hellendoorn;4
2660;7442;Hellendoorn;11
2661;7443;Hellendoorn;9
2662;7447;Hellendoorn;9
2663;7448;Hellendoorn;2
2664;7451;Rijssen-Holten;21
2665;7461;Rijssen-Holten;8
2666;7462;Rijssen-Holten;5
2667;7463;Rijssen-Holten;1
2668;7466;Wierden;1
2669;7467;Wierden;1
2670;7468;Wierden;9
2671;7471;Hof van Twente;14
2672;7475;Hof van Twente;9
2673;7478;Hof van Twente;4
2674;7481;Haaksbergen;11
2675;7482;Haaksbergen;16
2676;7483;Haaksbergen;2
2677;7491;Hof van Twente;12
2678;7495;Hof van Twente;5
2679;7496;Hof van Twente;2
2680;7497;Hof van Twente;2
2681;7511;Enschede;2
2682;7512;Enschede;2
2683;7513;Enschede;2
2684;7514;Enschede;3
2685;7521;Enschede;3
2686;7522;Enschede;3
2687;7523;Enschede;4
2688;7524;Enschede;2
2689;7531;Enschede;4
2690;7532;Enschede;7
2691;7533;Enschede;1
2692;7534;Enschede;6
2693;7535;Enschede;3
2694;7541;Enschede;1
2695;7542;Enschede;3
2696;7543;Enschede;3
2697;7544;Enschede;5
2698;7545;Enschede;7
2699;7546;Enschede;3
2700;7547;Enschede;4
2701;7548;Enschede;2
2702;7551;Hengelo;3
2703;7552;Hengelo;7
2704;7553;Hengelo;6
2705;7554;Hengelo;8
2706;7555;Hengelo;5
2707;7556;Hengelo;8
2708;7557;Hengelo;5
2709;7558;Hengelo;10
2710;7559;Hengelo;10
2711;7561;Dinkelland;2
2712;7562;Oldenzaal;1
2713;7571;Oldenzaal;1
2714;7572;Oldenzaal;3
2715;7573;Oldenzaal;2
2716;7574;Oldenzaal;1
2717;7575;Oldenzaal;2
2718;7576;Oldenzaal;1
2719;7577;Oldenzaal;3
2720;7581;Losser;3
2721;7582;Losser;1
2722;7585;Losser;3
2723;7586;Losser;2
2724;7587;Losser;2
2725;7588;Losser;2
2726;7591;Dinkelland;13
2727;7595;Dinkelland;7
2728;7596;Dinkelland;2
2729;7597;Dinkelland;2
2730;7601;Almelo;8
2731;7602;Almelo;5
2732;7603;Almelo;5
2733;7604;Almelo;8
2734;7605;Almelo;4
2735;7606;Almelo;6
2736;7607;Almelo;9
2737;7608;Almelo;7
2738;7609;Almelo;11
2739;7610;Almelo;1
2740;7611;Almelo;2
2741;7614;Tubbergen;1
2742;7615;Tubbergen;2
2743;7621;Borne;4
2744;7622;Borne;4
2745;7623;Borne;3
2746;7625;Borne;2
2747;7626;Borne;2
2748;7627;Almelo;2
2749;7631;Dinkelland;10
2750;7634;Dinkelland;2
2751;7635;Dinkelland;3
2752;7636;Dinkelland;2
2753;7637;Dinkelland;1
2754;7638;Dinkelland;1
2755;7641;Wierden;7
2756;7642;Wierden;8
2757;7645;Wierden;2
2758;7651;Tubbergen;2
2759;7661;Tubbergen;2
2760;7662;Tubbergen;1
2761;7663;Tubbergen;1
2762;7664;Tubbergen;1
2763;7665;Tubbergen;2
2764;7666;Tubbergen;2
2765;7667;Tubbergen;2
2766;7668;Tubbergen;1
2767;7671;Twenterand;13
2768;7672;Twenterand;1
2769;7676;Twenterand;5
2770;7678;Tubbergen;2
2771;7679;Tubbergen;2
2772;7681;Twenterand;6
2773;7683;Twenterand;6
2774;7685;Ommen;3
2775;7686;Twenterand;2
2776;7687;Hellendoorn;2
2777;7688;Hellendoorn;2
2778;7691;Hardenberg;3
2779;7692;Hardenberg;2
2780;7693;Hardenberg;2
2781;7694;Hardenberg;2
2782;7695;Hardenberg;2
2783;7696;Hardenberg;1
2784;7701;Hardenberg;9
2785;7705;De Wolden;1
2786;7707;Hardenberg;7
2787;7711;Dalfsen;11
2788;7715;Staphorst;1
2789;7721;Dalfsen;5
2790;7722;Dalfsen;14
2791;7731;Ommen;24
2792;7732;Ommen;2
2793;7734;Ommen;2
2794;7735;Ommen;2
2795;7736;Ommen;1
2796;7737;Ommen;2
2797;7738;Ommen;3
2798;7739;Ommen;2
2799;7741;Coevorden;13
2800;7742;Coevorden;8
2801;7751;Coevorden;3
2802;7753;Coevorden;1
2803;7754;Coevorden;2
2804;7755;Coevorden;2
2805;7756;Coevorden;2
2806;7761;Emmen;5
2807;7764;Emmen;1
2808;7765;Emmen;3
2809;7766;Emmen;4
2810;7771;Hardenberg;3
2811;7772;Hardenberg;5
2812;7773;Hardenberg;1
2813;7775;Hardenberg;4
2814;7776;Hardenberg;4
2815;7777;Hardenberg;2
2816;7778;Hardenberg;1
2817;7779;Hardenberg;1
2818;7781;Hardenberg;1
2819;7782;Hardenberg;4
2820;7783;Hardenberg;2
2821;7784;Hardenberg;2
2822;7785;Hardenberg;1
2823;7786;Hardenberg;1
2824;7787;Hardenberg;1
2825;7788;Hardenberg;1
2826;7791;Hardenberg;1
2827;7792;Hardenberg;1
2828;7793;Hardenberg;1
2829;7794;Hardenberg;1
2830;7795;Hardenberg;1
2831;7796;Hardenberg;1
2832;7797;Hardenberg;1
2833;7798;Hardenberg;1
2834;7811;Emmen;1
2835;7812;Emmen;3
2836;7813;Emmen;1
2837;7814;Emmen;3
2838;7815;Emmen;1
2839;7822;Emmen;2
2840;7823;Emmen;2
2841;7824;Emmen;1
2842;7825;Emmen;2
2843;7826;Emmen;1
2844;7827;Emmen;1
2845;7828;Emmen;1
2846;7831;Emmen;7
2847;7833;Emmen;4
2848;7841;Coevorden;2
2849;7842;Coevorden;1
2850;7843;Coevorden;3
2851;7844;Emmen;3
2852;7845;Coevorden;3
2853;7846;Coevorden;2
2854;7847;Coevorden;2
2855;7848;Coevorden;3
2856;7849;Coevorden;2
2857;7851;Coevorden;1
2858;7852;Coevorden;1
2859;7853;Coevorden;2
2860;7854;Coevorden;2
2861;7855;Coevorden;2
2862;7856;Coevorden;2
2863;7858;Borger-Odoorn;1
2864;7861;Coevorden;2
2865;7863;Coevorden;2
2866;7864;Coevorden;2
2867;7871;Borger-Odoorn;1
2868;7872;Borger-Odoorn;2
2869;7873;Borger-Odoorn;2
2870;7874;Borger-Odoorn;3
2871;7875;Borger-Odoorn;2
2872;7876;Borger-Odoorn;1
2873;7877;Borger-Odoorn;2
2874;7881;Emmen;6
2875;7884;Emmen;4
2876;7885;Emmen;5
2877;7887;Emmen;6
2878;7889;Emmen;1
2879;7891;Emmen;8
2880;7894;Emmen;3
2881;7895;Emmen;4
2882;7901;Hoogeveen;3
2883;7902;Hoogeveen;3
2884;7903;Hoogeveen;2
2885;7904;Hoogeveen;1
2886;7905;Hoogeveen;2
2887;7906;Hoogeveen;1
2888;7907;Hoogeveen;2
2889;7908;Hoogeveen;7
2890;7909;Hoogeveen;4
2891;7910;Midden-Drenthe;1
2892;7911;Hoogeveen;1
2893;7912;Hoogeveen;1
2894;7913;Hoogeveen;4
2895;7914;Hoogeveen;2
2896;7916;Hoogeveen;3
2897;7917;Coevorden;2
2898;7918;Hoogeveen;2
2899;7921;De Wolden;3
2900;7924;De Wolden;3
2901;7925;De Wolden;3
2902;7926;De Wolden;2
2903;7927;De Wolden;2
2904;7929;Coevorden;1
2905;7931;Hoogeveen;3
2906;7932;De Wolden;2
2907;7933;Hoogeveen;3
2908;7934;Hoogeveen;2
2909;7935;De Wolden;1
2910;7936;Hoogeveen;2
2911;7938;Midden-Drenthe;2
2912;7941;Meppel;3
2913;7942;Meppel;13
2914;7943;Meppel;9
2915;7944;Meppel;8
2916;7946;Steenwijkerland;8
2917;7948;Meppel;10
2918;7949;Meppel;1
2919;7951;Staphorst;15
2920;7954;Staphorst;7
2921;7955;Staphorst;2
2922;7957;De Wolden;2
2923;7958;De Wolden;5
2924;7961;De Wolden;7
2925;7963;De Wolden;7
2926;7964;De Wolden;2
2927;7965;Meppel;1
2928;7966;Meppel;1
2929;7971;Westerveld;2
2930;7973;Westerveld;1
2931;7974;Westerveld;1
2932;7975;Westerveld;2
2933;7981;Westerveld;2
2934;7983;Westerveld;2
2935;7984;Westerveld;1
2936;7986;Westerveld;1
2937;7991;Westerveld;13
2938;8011;Zwolle;6
2939;8012;Zwolle;2
2940;8013;Zwolle;3
2941;8014;Zwolle;5
2942;8015;Zwolle;4
2943;8016;Zwolle;3
2944;8017;Zwolle;6
2945;8019;Zwolle;2
2946;8021;Zwolle;5
2947;8022;Zwolle;4
2948;8023;Zwolle;2
2949;8024;Zwolle;3
2950;8025;Zwolle;1
2951;8026;Zwolle;2
2952;8028;Zwolle;2
2953;8031;Zwolle;4
2954;8032;Zwolle;3
2955;8033;Zwolle;1
2956;8034;Zwolle;2
2957;8035;Zwolle;1
2958;8041;Zwolle;3
2959;8042;Zwolle;5
2960;8043;Zwolle;5
2961;8044;Zwolle;3
2962;8051;Hattem;9
2963;8052;Hattem;1
2964;8055;Raalte;2
2965;8061;Zwartewaterland;10
2966;8064;Zwartewaterland;10
2967;8066;Steenwijkerland;2
2968;8071;Nunspeet;2
2969;8072;Nunspeet;3
2970;8075;Nunspeet;3
2971;8076;Nunspeet;2
2972;8077;Nunspeet;4
2973;8079;Oldebroek;2
2974;8081;Elburg;8
2975;8084;Elburg;5
2976;8085;Elburg;4
2977;8091;Oldebroek;8
2978;8094;Oldebroek;3
2979;8095;Oldebroek;3
2980;8096;Oldebroek;6
2981;8097;Oldebroek;4
2982;8101;Raalte;5
2983;8102;Raalte;9
2984;8103;Raalte;4
2985;8105;Raalte;2
2986;8106;Raalte;2
2987;8107;Raalte;2
2988;8111;Raalte;2
2989;8112;Raalte;2
2990;8121;Olst-Wijhe;11
2991;8124;Olst-Wijhe;2
2992;8131;Olst-Wijhe;8
2993;8141;Raalte;6
2994;8144;Raalte;2
2995;8146;Ommen;1
2996;8147;Ommen;1
2997;8148;Ommen;3
2998;8151;Dalfsen;2
2999;8152;Dalfsen;4
3000;8161;Epe;5
3001;8162;Epe;8
3002;8166;Epe;2
3003;8167;Epe;2
3004;8171;Epe;7
3005;8172;Epe;5
3006;8181;Heerde;6
3007;8191;Heerde;5
3008;8193;Heerde;2
3009;8194;Heerde;2
3010;8196;Olst-Wijhe;1
3011;8198;Olst-Wijhe;1
3012;8211;Lelystad;5
3013;8212;Lelystad;4
3014;8218;Lelystad;8
3015;8219;Lelystad;11
3016;8221;Lelystad;2
3017;8222;Lelystad;2
3018;8223;Lelystad;10
3019;8224;Lelystad;6
3020;8225;Lelystad;7
3021;8226;Lelystad;10
3022;8231;Lelystad;6
3023;8232;Lelystad;11
3024;8233;Lelystad;7
3025;8239;Lelystad;4
3026;8241;Lelystad;2
3027;8242;Lelystad;8
3028;8243;Lelystad;11
3029;8244;Lelystad;5
3030;8245;Lelystad;9
3031;8251;Dronten;14
3032;8252;Dronten;3
3033;8253;Dronten;6
3034;8255;Dronten;9
3035;8256;Dronten;10
3036;8261;Kampen;2
3037;8262;Kampen;2
3038;8263;Kampen;2
3039;8264;Kampen;1
3040;8265;Kampen;6
3041;8266;Kampen;3
3042;8267;Kampen;3
3043;8271;Kampen;8
3044;8274;Kampen;2
3045;8275;Kampen;1
3046;8276;Kampen;2
3047;8277;Kampen;1
3048;8278;Kampen;1
3049;8281;Zwartewaterland;13
3050;8293;Kampen;1
3051;8294;Zwartewaterland;1
3052;8301;Noordoostpolder;1
3053;8302;Noordoostpolder;6
3054;8303;Noordoostpolder;6
3055;8304;Noordoostpolder;3
3056;8305;Noordoostpolder;2
3057;8307;Noordoostpolder;3
3058;8308;Noordoostpolder;3
3059;8309;Noordoostpolder;3
3060;8311;Noordoostpolder;3
3061;8312;Noordoostpolder;3
3062;8313;Noordoostpolder;3
3063;8314;Noordoostpolder;3
3064;8315;Noordoostpolder;2
3065;8316;Noordoostpolder;3
3066;8317;Noordoostpolder;4
3067;8319;Noordoostpolder;1
3068;8321;Urk;7
3069;8322;Urk;3
3070;8325;Steenwijkerland;4
3071;8326;Steenwijkerland;7
3072;8331;Steenwijkerland;10
3073;8332;Steenwijkerland;5
3074;8333;Steenwijkerland;1
3075;8334;Steenwijkerland;2
3076;8335;Steenwijkerland;2
3077;8336;Steenwijkerland;1
3078;8337;Steenwijkerland;1
3079;8338;Steenwijkerland;2
3080;8339;Steenwijkerland;1
3081;8341;Steenwijkerland;2
3082;8342;Steenwijkerland;2
3083;8343;Steenwijkerland;2
3084;8344;Steenwijkerland;2
3085;8345;Steenwijkerland;2
3086;8346;Steenwijkerland;1
3087;8347;Steenwijkerland;2
3088;8351;Westerveld;4
3089;8355;Steenwijkerland;8
3090;8356;Steenwijkerland;4
3091;8361;Steenwijkerland;1
3092;8362;Steenwijkerland;1
3093;8363;Steenwijkerland;2
3094;8371;Steenwijkerland;3
3095;8372;Steenwijkerland;1
3096;8373;Steenwijkerland;3
3097;8374;Steenwijkerland;3
3098;8375;Steenwijkerland;3
3099;8376;Steenwijkerland;2
3100;8377;Steenwijkerland;2
3101;8378;Steenwijkerland;1
3102;8381;Westerveld;2
3103;8382;Westerveld;2
3104;8383;Westerveld;2
3105;8384;Westerveld;2
3106;8385;Westerveld;2
3107;8386;Westerveld;2
3108;8387;Westerveld;1
3109;8388;Weststellingwerf;2
3110;8389;Weststellingwerf;1
3111;8391;Weststellingwerf;9
3112;8392;Weststellingwerf;2
3113;8393;Weststellingwerf;1
3114;8394;Weststellingwerf;2
3115;8395;Weststellingwerf;2
3116;8396;Weststellingwerf;1
3117;8397;Weststellingwerf;1
3118;8398;Weststellingwerf;2
3119;8401;Opsterland;8
3120;8403;Opsterland;2
3121;8404;Opsterland;2
3122;8405;Opsterland;2
3123;8406;Opsterland;2
3124;8407;Opsterland;2
3125;8408;Opsterland;2
3126;8409;Opsterland;2
3127;8411;Heerenveen;1
3128;8412;Heerenveen;1
3129;8413;Heerenveen;1
3130;8414;Heerenveen;1
3131;8415;Heerenveen;1
3132;8421;Ooststellingwerf;3
3133;8422;Ooststellingwerf;2
3134;8423;Ooststellingwerf;2
3135;8424;Ooststellingwerf;2
3136;8425;Ooststellingwerf;2
3137;8426;Ooststellingwerf;11
3138;8427;Ooststellingwerf;2
3139;8428;Ooststellingwerf;2
3140;8431;Ooststellingwerf;18
3141;8432;Ooststellingwerf;2
3142;8433;Ooststellingwerf;8
3143;8434;Ooststellingwerf;2
3144;8435;Ooststellingwerf;3
3145;8437;Westerveld;1
3146;8438;Westerveld;1
3147;8441;Heerenveen;1
3148;8442;Heerenveen;2
3149;8443;Heerenveen;1
3150;8445;Heerenveen;2
3151;8446;Heerenveen;1
3152;8447;Heerenveen;2
3153;8448;Heerenveen;2
3154;8449;Heerenveen;1
3155;8451;Heerenveen;1
3156;8453;Heerenveen;1
3157;8454;Heerenveen;1
3158;8455;Heerenveen;1
3159;8456;Heerenveen;1
3160;8457;Heerenveen;2
3161;8458;Heerenveen;1
3162;8459;Heerenveen;1
3163;8461;De Fryske Marren;1
3164;8462;De Fryske Marren;1
3165;8463;De Fryske Marren;1
3166;8464;De Fryske Marren;1
3167;8465;De Fryske Marren;1
3168;8466;De Fryske Marren;1
3169;8467;De Fryske Marren;1
3170;8468;Heerenveen;1
3171;8469;Heerenveen;1
3172;8471;Weststellingwerf;17
3173;8472;Weststellingwerf;4
3174;8474;Weststellingwerf;2
3175;8475;Weststellingwerf;2
3176;8476;Weststellingwerf;2
3177;8477;Weststellingwerf;1
3178;8478;Weststellingwerf;1
3179;8479;Weststellingwerf;1
3180;8481;Weststellingwerf;1
3181;8482;Weststellingwerf;1
3182;8483;Weststellingwerf;2
3183;8484;Weststellingwerf;2
3184;8485;Weststellingwerf;2
3185;8486;Weststellingwerf;1
3186;8487;Weststellingwerf;1
3187;8488;Weststellingwerf;1
3188;8491;Heerenveen;1
3189;8493;De Fryske Marren;1
3190;8494;Heerenveen;1
3191;8495;Heerenveen;1
3192;8497;Smallingerland;1
3193;8501;De Fryske Marren;8
3194;8502;De Fryske Marren;2
3195;8505;De Fryske Marren;1
3196;8506;De Fryske Marren;1
3197;8507;De Fryske Marren;1
3198;8508;De Fryske Marren;2
3199;8511;De Fryske Marren;1
3200;8512;De Fryske Marren;1
3201;8513;De Fryske Marren;1
3202;8514;De Fryske Marren;1
3203;8515;De Fryske Marren;1
3204;8516;De Fryske Marren;1
3205;8517;De Fryske Marren;1
3206;8521;De Fryske Marren;1
3207;8522;De Fryske Marren;1
3208;8523;De Fryske Marren;1
3209;8524;De Fryske Marren;1
3210;8525;De Fryske Marren;1
3211;8526;De Fryske Marren;1
3212;8527;De Fryske Marren;1
3213;8528;De Fryske Marren;1
3214;8529;Sdwest-Frysln;1
3215;8531;De Fryske Marren;8
3216;8534;De Fryske Marren;1
3217;8535;De Fryske Marren;1
3218;8536;De Fryske Marren;2
3219;8537;De Fryske Marren;1
3220;8538;De Fryske Marren;1
3221;8539;De Fryske Marren;2
3222;8541;De Fryske Marren;1
3223;8542;De Fryske Marren;1
3224;8551;Sdwest-Frysln;2
3225;8552;Sdwest-Frysln;1
3226;8553;Sdwest-Frysln;1
3227;8554;Sdwest-Frysln;1
3228;8556;De Fryske Marren;1
3229;8561;De Fryske Marren;1
3230;8563;De Fryske Marren;1
3231;8564;De Fryske Marren;1
3232;8565;De Fryske Marren;1
3233;8566;De Fryske Marren;1
3234;8567;De Fryske Marren;1
3235;8571;De Fryske Marren;1
3236;8572;De Fryske Marren;1
3237;8573;De Fryske Marren;1
3238;8574;De Fryske Marren;1
3239;8581;De Fryske Marren;1
3240;8582;De Fryske Marren;1
3241;8583;De Fryske Marren;1
3242;8584;Sdwest-Frysln;2
3243;8601;Sdwest-Frysln;3
3244;8602;Sdwest-Frysln;2
3245;8603;Sdwest-Frysln;4
3246;8604;Sdwest-Frysln;2
3247;8605;Sdwest-Frysln;2
3248;8606;Sdwest-Frysln;1
3249;8607;Sdwest-Frysln;2
3250;8608;Sdwest-Frysln;2
3251;8611;Sdwest-Frysln;2
3252;8612;Sdwest-Frysln;1
3253;8613;Sdwest-Frysln;1
3254;8614;Sdwest-Frysln;2
3255;8615;Sdwest-Frysln;1
3256;8616;Sdwest-Frysln;1
3257;8617;Sdwest-Frysln;2
3258;8618;Sdwest-Frysln;2
3259;8621;Sdwest-Frysln;2
3260;8622;Sdwest-Frysln;2
3261;8623;Sdwest-Frysln;2
3262;8624;Sdwest-Frysln;2
3263;8625;Sdwest-Frysln;2
3264;8626;Sdwest-Frysln;1
3265;8627;Sdwest-Frysln;2
3266;8628;Sdwest-Frysln;2
3267;8629;Sdwest-Frysln;2
3268;8632;Sdwest-Frysln;2
3269;8633;Sdwest-Frysln;1
3270;8635;Sdwest-Frysln;2
3271;8636;Sdwest-Frysln;1
3272;8637;Sdwest-Frysln;1
3273;8641;Sdwest-Frysln;1
3274;8642;Sdwest-Frysln;1
3275;8644;Sdwest-Frysln;1
3276;8647;Sdwest-Frysln;1
3277;8651;Sdwest-Frysln;4
3278;8658;Sdwest-Frysln;2
3279;8701;Sdwest-Frysln;6
3280;8711;Sdwest-Frysln;2
3281;8713;Sdwest-Frysln;2
3282;8715;Sdwest-Frysln;2
3283;8721;Sdwest-Frysln;2
3284;8722;Sdwest-Frysln;2
3285;8723;Sdwest-Frysln;2
3286;8724;Sdwest-Frysln;1
3287;8731;Sdwest-Frysln;2
3288;8732;Sdwest-Frysln;2
3289;8733;Sdwest-Frysln;1
3290;8734;Sdwest-Frysln;2
3291;8735;Sdwest-Frysln;1
3292;8736;Sdwest-Frysln;1
3293;8737;Sdwest-Frysln;1
3294;8741;Sdwest-Frysln;1
3295;8742;Sdwest-Frysln;2
3296;8743;Sdwest-Frysln;1
3297;8744;Sdwest-Frysln;2
3298;8745;Sdwest-Frysln;1
3299;8746;Sdwest-Frysln;1
3300;8747;Sdwest-Frysln;1
3301;8748;Sdwest-Frysln;2
3302;8749;Sdwest-Frysln;2
3303;8751;Sdwest-Frysln;1
3304;8752;Sdwest-Frysln;1
3305;8753;Sdwest-Frysln;1
3306;8754;Sdwest-Frysln;3
3307;8756;Sdwest-Frysln;1
3308;8757;Sdwest-Frysln;2
3309;8758;Sdwest-Frysln;1
3310;8759;Sdwest-Frysln;2
3311;8761;Sdwest-Frysln;2
3312;8762;Sdwest-Frysln;1
3313;8763;Sdwest-Frysln;2
3314;8764;Sdwest-Frysln;1
3315;8765;Sdwest-Frysln;2
3316;8766;Sdwest-Frysln;1
3317;8771;Sdwest-Frysln;2
3318;8772;Sdwest-Frysln;1
3319;8773;Sdwest-Frysln;1
3320;8774;Sdwest-Frysln;2
3321;8775;Sdwest-Frysln;1
3322;8801;Waadhoeke;11
3323;8802;Waadhoeke;7
3324;8804;Waadhoeke;2
3325;8805;Waadhoeke;1
3326;8806;Waadhoeke;2
3327;8807;Waadhoeke;1
3328;8808;Waadhoeke;2
3329;8809;Waadhoeke;1
3330;8811;Waadhoeke;2
3331;8812;Waadhoeke;1
3332;8813;Waadhoeke;1
3333;8814;Waadhoeke;1
3334;8816;Waadhoeke;1
3335;8821;Sdwest-Frysln;2
3336;8822;Sdwest-Frysln;2
3337;8823;Sdwest-Frysln;2
3338;8831;Waadhoeke;3
3339;8832;Leeuwarden;1
3340;8833;Leeuwarden;1
3341;8834;Leeuwarden;1
3342;8835;Leeuwarden;2
3343;8841;Waadhoeke;1
3344;8842;Waadhoeke;2
3345;8843;Waadhoeke;2
3346;8844;Sdwest-Frysln;1
3347;8845;Sdwest-Frysln;1
3348;8851;Waadhoeke;3
3349;8852;Waadhoeke;1
3350;8853;Waadhoeke;1
3351;8854;Waadhoeke;2
3352;8855;Waadhoeke;4
3353;8856;Waadhoeke;1
3354;8857;Harlingen;2
3355;8861;Harlingen;6
3356;8862;Harlingen;3
3357;8872;Harlingen;1
3358;8881;Terschelling;2
3359;8891;Terschelling;3
3360;8894;Terschelling;3
3361;8895;Terschelling;1
3362;8896;Terschelling;2
3363;8897;Terschelling;4
3364;8899;Vlieland;2
3365;8911;Leeuwarden;8
3366;8912;Leeuwarden;8
3367;8913;Leeuwarden;2
3368;8914;Leeuwarden;4
3369;8915;Leeuwarden;2
3370;8916;Leeuwarden;2
3371;8917;Leeuwarden;3
3372;8918;Leeuwarden;1
3373;8919;Leeuwarden;4
3374;8921;Leeuwarden;7
3375;8922;Leeuwarden;2
3376;8923;Leeuwarden;2
3377;8924;Leeuwarden;3
3378;8925;Leeuwarden;2
3379;8926;Leeuwarden;3
3380;8927;Leeuwarden;1
3381;8931;Leeuwarden;1
3382;8932;Leeuwarden;6
3383;8933;Leeuwarden;3
3384;8934;Leeuwarden;2
3385;8935;Leeuwarden;3
3386;8936;Leeuwarden;1
3387;8937;Leeuwarden;1
3388;8938;Leeuwarden;1
3389;8939;Leeuwarden;1
3390;8941;Leeuwarden;5
3391;9001;Leeuwarden;2
3392;9003;Leeuwarden;2
3393;9004;Leeuwarden;1
3394;9005;Leeuwarden;2
3395;9006;Leeuwarden;1
3396;9007;Leeuwarden;1
3397;9008;Leeuwarden;2
3398;9009;Leeuwarden;1
3399;9011;Leeuwarden;2
3400;9012;Sdwest-Frysln;1
3401;9013;Sdwest-Frysln;1
3402;9014;Sdwest-Frysln;1
3403;9021;Sdwest-Frysln;1
3404;9022;Leeuwarden;2
3405;9023;Leeuwarden;2
3406;9024;Leeuwarden;2
3407;9025;Leeuwarden;1
3408;9026;Leeuwarden;1
3409;9027;Leeuwarden;2
3410;9031;Waadhoeke;2
3411;9032;Waadhoeke;1
3412;9033;Waadhoeke;2
3413;9034;Waadhoeke;2
3414;9035;Waadhoeke;5
3415;9036;Waadhoeke;4
3416;9037;Waadhoeke;1
3417;9038;Waadhoeke;2
3418;9041;Waadhoeke;5
3419;9043;Waadhoeke;1
3420;9044;Waadhoeke;2
3421;9045;Waadhoeke;2
3422;9047;Waadhoeke;4
3423;9051;Leeuwarden;2
3424;9053;Leeuwarden;2
3425;9054;Leeuwarden;2
3426;9055;Leeuwarden;2
3427;9056;Leeuwarden;2
3428;9057;Leeuwarden;2
3429;9061;Tytsjerksteradiel;2
3430;9062;Tytsjerksteradiel;2
3431;9063;Tytsjerksteradiel;2
3432;9064;Tytsjerksteradiel;2
3433;9067;Dantumadiel;1
3434;9071;Leeuwarden;1
3435;9072;Waadhoeke;1
3436;9073;Noardeast-Frysln;2
3437;9074;Noardeast-Frysln;2
3438;9075;Waadhoeke;1
3439;9076;Waadhoeke;7
3440;9077;Waadhoeke;2
3441;9078;Waadhoeke;2
3442;9079;Waadhoeke;3
3443;9081;Leeuwarden;1
3444;9082;Leeuwarden;1
3445;9083;Leeuwarden;1
3446;9084;Leeuwarden;1
3447;9086;Leeuwarden;2
3448;9087;Leeuwarden;1
3449;9088;Leeuwarden;2
3450;9089;Leeuwarden;2
3451;9091;Tytsjerksteradiel;1
3452;9101;Noardeast-Frysln;9
3453;9102;Noardeast-Frysln;1
3454;9103;Noardeast-Frysln;2
3455;9104;Dantumadiel;2
3456;9105;Dantumadiel;2
3457;9106;Dantumadiel;1
3458;9107;Noardeast-Frysln;1
3459;9108;Dantumadiel;2
3460;9109;Dantumadiel;1
3461;9111;Noardeast-Frysln;1
3462;9112;Noardeast-Frysln;1
3463;9113;Dantumadiel;2
3464;9114;Dantumadiel;2
3465;9121;Noardeast-Frysln;1
3466;9122;Noardeast-Frysln;1
3467;9123;Noardeast-Frysln;2
3468;9124;Noardeast-Frysln;1
3469;9125;Noardeast-Frysln;2
3470;9131;Noardeast-Frysln;2
3471;9132;Noardeast-Frysln;3
3472;9133;Noardeast-Frysln;3
3473;9134;Noardeast-Frysln;2
3474;9135;Noardeast-Frysln;2
3475;9136;Noardeast-Frysln;2
3476;9137;Noardeast-Frysln;2
3477;9138;Noardeast-Frysln;2
3478;9141;Noardeast-Frysln;2
3479;9142;Noardeast-Frysln;2
3480;9143;Noardeast-Frysln;2
3481;9144;Noardeast-Frysln;2
3482;9145;Noardeast-Frysln;2
3483;9146;Noardeast-Frysln;1
3484;9147;Noardeast-Frysln;2
3485;9148;Noardeast-Frysln;1
3486;9151;Noardeast-Frysln;2
3487;9152;Noardeast-Frysln;1
3488;9153;Noardeast-Frysln;2
3489;9154;Noardeast-Frysln;1
3490;9155;Noardeast-Frysln;1
3491;9156;Noardeast-Frysln;1
3492;9161;Ameland;2
3493;9162;Ameland;2
3494;9163;Ameland;2
3495;9164;Ameland;1
3496;9166;Schiermonnikoog;2
3497;9171;Noardeast-Frysln;2
3498;9172;Noardeast-Frysln;2
3499;9173;Noardeast-Frysln;1
3500;9174;Noardeast-Frysln;1
3501;9175;Noardeast-Frysln;1
3502;9176;Noardeast-Frysln;1
3503;9177;Noardeast-Frysln;1
3504;9178;Noardeast-Frysln;2
3505;9201;Smallingerland;2
3506;9202;Smallingerland;3
3507;9203;Smallingerland;3
3508;9204;Smallingerland;2
3509;9205;Smallingerland;2
3510;9206;Smallingerland;1
3511;9207;Smallingerland;5
3512;9211;Smallingerland;1
3513;9212;Smallingerland;1
3514;9213;Smallingerland;1
3515;9214;Smallingerland;1
3516;9215;Smallingerland;1
3517;9216;Smallingerland;1
3518;9217;Smallingerland;1
3519;9218;Smallingerland;1
3520;9219;Smallingerland;1
3521;9221;Smallingerland;1
3522;9222;Smallingerland;1
3523;9223;Smallingerland;1
3524;9231;Achtkarspelen;2
3525;9233;Achtkarspelen;2
3526;9241;Opsterland;3
3527;9243;Opsterland;3
3528;9244;Opsterland;8
3529;9245;Opsterland;2
3530;9246;Opsterland;1
3531;9247;Opsterland;6
3532;9248;Opsterland;2
3533;9249;Opsterland;2
3534;9251;Tytsjerksteradiel;2
3535;9254;Tytsjerksteradiel;2
3536;9255;Tytsjerksteradiel;2
3537;9256;Tytsjerksteradiel;2
3538;9257;Tytsjerksteradiel;2
3539;9258;Tytsjerksteradiel;2
3540;9261;Tytsjerksteradiel;2
3541;9262;Tytsjerksteradiel;2
3542;9263;Tytsjerksteradiel;2
3543;9264;Tytsjerksteradiel;2
3544;9265;Tytsjerksteradiel;2
3545;9269;Dantumadiel;2
3546;9271;Dantumadiel;2
3547;9281;Achtkarspelen;2
3548;9283;Achtkarspelen;2
3549;9284;Achtkarspelen;2
3550;9285;Achtkarspelen;2
3551;9286;Achtkarspelen;2
3552;9287;Achtkarspelen;2
3553;9288;Achtkarspelen;2
3554;9289;Achtkarspelen;2
3555;9291;Noardeast-Frysln;2
3556;9292;Noardeast-Frysln;1
3557;9293;Noardeast-Frysln;2
3558;9294;Noardeast-Frysln;2
3559;9295;Noardeast-Frysln;2
3560;9296;Noardeast-Frysln;1
3561;9297;Noardeast-Frysln;1
3562;9298;Noardeast-Frysln;2
3563;9299;Noardeast-Frysln;1
3564;9301;Noordenveld;3
3565;9304;Noordenveld;1
3566;9305;Noordenveld;1
3567;9307;Noordenveld;2
3568;9311;Noordenveld;1
3569;9312;Noordenveld;2
3570;9313;Noordenveld;1
3571;9314;Noordenveld;1
3572;9315;Noordenveld;2
3573;9321;Noordenveld;4
3574;9331;Noordenveld;2
3575;9333;Noordenveld;2
3576;9334;Noordenveld;2
3577;9335;Noordenveld;2
3578;9336;Noordenveld;1
3579;9337;Noordenveld;2
3580;9341;Noordenveld;2
3581;9342;Noordenveld;2
3582;9343;Noordenveld;1
3583;9351;Westerkwartier;8
3584;9354;Westerkwartier;6
3585;9355;Westerkwartier;2
3586;9356;Westerkwartier;3
3587;9361;Westerkwartier;1
3588;9362;Westerkwartier;1
3589;9363;Westerkwartier;3
3590;9364;Westerkwartier;1
3591;9365;Westerkwartier;2
3592;9366;Westerkwartier;1
3593;9367;Westerkwartier;3
3594;9401;Assen;13
3595;9402;Assen;6
3596;9403;Assen;24
3597;9404;Assen;10
3598;9405;Assen;16
3599;9406;Assen;14
3600;9407;Assen;5
3601;9408;Assen;11
3602;9409;Assen;2
3603;9411;Midden-Drenthe;5
3604;9414;Midden-Drenthe;3
3605;9415;Midden-Drenthe;1
3606;9416;Midden-Drenthe;2
3607;9417;Midden-Drenthe;2
3608;9418;Midden-Drenthe;2
3609;9419;Midden-Drenthe;2
3610;9421;Midden-Drenthe;4
3611;9422;Midden-Drenthe;5
3612;9423;Midden-Drenthe;3
3613;9431;Midden-Drenthe;2
3614;9432;Midden-Drenthe;1
3615;9433;Midden-Drenthe;2
3616;9434;Midden-Drenthe;1
3617;9436;Midden-Drenthe;2
3618;9437;Midden-Drenthe;1
3619;9438;Midden-Drenthe;1
3620;9439;Midden-Drenthe;2
3621;9441;Midden-Drenthe;2
3622;9442;Midden-Drenthe;2
3623;9443;Aa en Hunze;2
3624;9444;Aa en Hunze;1
3625;9446;Aa en Hunze;1
3626;9447;Aa en Hunze;1
3627;9448;Aa en Hunze;1
3628;9449;Aa en Hunze;1
3629;9451;Aa en Hunze;1
3630;9452;Aa en Hunze;1
3631;9453;Aa en Hunze;1
3632;9454;Aa en Hunze;1
3633;9457;Aa en Hunze;1
3634;9458;Aa en Hunze;1
3635;9461;Aa en Hunze;2
3636;9462;Aa en Hunze;3
3637;9463;Aa en Hunze;2
3638;9464;Aa en Hunze;2
3639;9465;Aa en Hunze;2
3640;9466;Aa en Hunze;2
3641;9467;Aa en Hunze;2
3642;9468;Aa en Hunze;2
3643;9469;Aa en Hunze;2
3644;9471;Tynaarlo;6
3645;9472;Tynaarlo;3
3646;9473;Tynaarlo;2
3647;9474;Tynaarlo;2
3648;9475;Tynaarlo;2
3649;9479;Groningen;4
3650;9481;Tynaarlo;2
3651;9482;Tynaarlo;2
3652;9483;Tynaarlo;2
3653;9484;Tynaarlo;2
3654;9485;Tynaarlo;2
3655;9486;Assen;1
3656;9487;Assen;2
3657;9488;Assen;1
3658;9489;Assen;1
3659;9491;Tynaarlo;2
3660;9492;Assen;3
3661;9493;Tynaarlo;2
3662;9494;Tynaarlo;2
3663;9495;Tynaarlo;2
3664;9496;Tynaarlo;2
3665;9497;Tynaarlo;2
3666;9501;Stadskanaal;7
3667;9502;Stadskanaal;3
3668;9503;Stadskanaal;3
3669;9511;Aa en Hunze;3
3670;9512;Aa en Hunze;2
3671;9514;Aa en Hunze;2
3672;9515;Aa en Hunze;3
3673;9521;Borger-Odoorn;2
3674;9523;Borger-Odoorn;2
3675;9524;Borger-Odoorn;2
3676;9525;Borger-Odoorn;2
3677;9526;Borger-Odoorn;1
3678;9527;Borger-Odoorn;1
3679;9528;Borger-Odoorn;2
3680;9531;Borger-Odoorn;3
3681;9533;Borger-Odoorn;2
3682;9534;Borger-Odoorn;2
3683;9535;Borger-Odoorn;1
3684;9536;Borger-Odoorn;2
3685;9537;Borger-Odoorn;2
3686;9541;Westerwolde;10
3687;9545;Westerwolde;4
3688;9551;Westerwolde;10
3689;9561;Westerwolde;11
3690;9563;Westerwolde;2
3691;9564;Borger-Odoorn;1
3692;9566;Westerwolde;1
3693;9571;Borger-Odoorn;1
3694;9573;Borger-Odoorn;1
3695;9574;Borger-Odoorn;2
3696;9581;Stadskanaal;4
3697;9584;Stadskanaal;3
3698;9585;Stadskanaal;1
3699;9591;Stadskanaal;4
3700;9601;Midden-Groningen;7
3701;9602;Midden-Groningen;9
3702;9603;Midden-Groningen;6
3703;9605;Midden-Groningen;2
3704;9606;Midden-Groningen;4
3705;9607;Midden-Groningen;2
3706;9608;Midden-Groningen;3
3707;9609;Midden-Groningen;1
3708;9611;Midden-Groningen;9
3709;9613;Groningen;3
3710;9614;Groningen;1
3711;9615;Midden-Groningen;4
3712;9616;Midden-Groningen;3
3713;9617;Midden-Groningen;2
3714;9618;Midden-Groningen;1
3715;9619;Midden-Groningen;3
3716;9621;Midden-Groningen;3
3717;9622;Groningen;1
3718;9623;Midden-Groningen;1
3719;9624;Midden-Groningen;1
3720;9625;Midden-Groningen;2
3721;9626;Midden-Groningen;3
3722;9627;Midden-Groningen;2
3723;9628;Midden-Groningen;3
3724;9629;Midden-Groningen;1
3725;9631;Veendam;1
3726;9632;Midden-Groningen;1
3727;9633;Midden-Groningen;1
3728;9635;Midden-Groningen;2
3729;9636;Midden-Groningen;5
3730;9641;Veendam;4
3731;9642;Veendam;1
3732;9644;Veendam;3
3733;9645;Veendam;2
3734;9646;Veendam;1
3735;9648;Veendam;5
3736;9649;Midden-Groningen;4
3737;9651;Midden-Groningen;2
3738;9654;Aa en Hunze;1
3739;9655;Aa en Hunze;3
3740;9656;Aa en Hunze;1
3741;9657;Aa en Hunze;2
3742;9658;Aa en Hunze;2
3743;9659;Aa en Hunze;1
3744;9661;Stadskanaal;2
3745;9663;Pekela;3
3746;9665;Pekela;2
3747;9671;Oldambt;1
3748;9672;Oldambt;1
3749;9673;Oldambt;2
3750;9674;Oldambt;2
3751;9675;Oldambt;3
3752;9677;Oldambt;2
3753;9678;Oldambt;3
3754;9679;Oldambt;5
3755;9681;Oldambt;2
3756;9682;Oldambt;4
3757;9684;Oldambt;5
3758;9685;Oldambt;3
3759;9686;Oldambt;4
3760;9687;Oldambt;1
3761;9688;Oldambt;2
3762;9693;Oldambt;3
3763;9695;Westerwolde;6
3764;9696;Westerwolde;2
3765;9697;Westerwolde;4
3766;9698;Westerwolde;5
3767;9699;Westerwolde;4
3768;9711;Groningen;2
3769;9712;Groningen;2
3770;9713;Groningen;6
3771;9714;Groningen;1
3772;9715;Groningen;1
3773;9716;Groningen;1
3774;9717;Groningen;3
3775;9718;Groningen;3
3776;9721;Groningen;3
3777;9722;Groningen;4
3778;9723;Groningen;16
3779;9724;Groningen;1
3780;9725;Groningen;2
3781;9726;Groningen;3
3782;9727;Groningen;8
3783;9728;Groningen;6
3784;9731;Groningen;5
3785;9732;Groningen;2
3786;9733;Groningen;1
3787;9734;Groningen;4
3788;9735;Groningen;3
3789;9736;Groningen;1
3790;9737;Groningen;1
3791;9738;Groningen;3
3792;9741;Groningen;3
3793;9742;Groningen;2
3794;9743;Groningen;5
3795;9744;Groningen;4
3796;9745;Groningen;4
3797;9746;Groningen;4
3798;9747;Groningen;1
3799;9749;Noordenveld;1
3800;9751;Groningen;4
3801;9752;Groningen;6
3802;9753;Groningen;4
3803;9755;Groningen;2
3804;9756;Groningen;3
3805;9761;Tynaarlo;3
3806;9765;Tynaarlo;2
3807;9766;Tynaarlo;2
3808;9771;Het Hogeland;2
3809;9773;Het Hogeland;1
3810;9774;Het Hogeland;1
3811;9781;Het Hogeland;2
3812;9784;Het Hogeland;2
3813;9785;Het Hogeland;2
3814;9791;Groningen;4
3815;9792;Groningen;3
3816;9793;Groningen;1
3817;9794;Groningen;1
3818;9795;Groningen;1
3819;9796;Groningen;1
3820;9797;Groningen;1
3821;9798;Groningen;1
3822;9801;Westerkwartier;2
3823;9804;Westerkwartier;1
3824;9805;Westerkwartier;1
3825;9811;Westerkwartier;2
3826;9821;Westerkwartier;2
3827;9822;Westerkwartier;1
3828;9824;Westerkwartier;2
3829;9825;Westerkwartier;1
3830;9827;Westerkwartier;2
3831;9828;Westerkwartier;2
3832;9831;Westerkwartier;1
3833;9832;Westerkwartier;2
3834;9833;Westerkwartier;1
3835;9842;Westerkwartier;1
3836;9843;Westerkwartier;2
3837;9844;Westerkwartier;1
3838;9845;Westerkwartier;1
3839;9851;Noardeast-Frysln;2
3840;9852;Noardeast-Frysln;2
3841;9853;Noardeast-Frysln;2
3842;9861;Westerkwartier;1
3843;9862;Westerkwartier;2
3844;9863;Westerkwartier;3
3845;9864;Westerkwartier;1
3846;9865;Westerkwartier;4
3847;9866;Westerkwartier;2
3848;9871;Achtkarspelen;1
3849;9872;Achtkarspelen;1
3850;9873;Achtkarspelen;2
3851;9881;Westerkwartier;1
3852;9883;Westerkwartier;2
3853;9884;Westerkwartier;1
3854;9885;Westerkwartier;2
3855;9886;Westerkwartier;1
3856;9891;Westerkwartier;1
3857;9892;Westerkwartier;2
3858;9893;Westerkwartier;1
3859;9901;Eemsdelta;2
3860;9902;Eemsdelta;2
3861;9903;Eemsdelta;2
3862;9904;Eemsdelta;1
3863;9905;Eemsdelta;2
3864;9906;Eemsdelta;1
3865;9907;Eemsdelta;1
3866;9908;Eemsdelta;1
3867;9909;Eemsdelta;2
3868;9911;Eemsdelta;1
3869;9912;Eemsdelta;1
3870;9913;Eemsdelta;1
3871;9914;Eemsdelta;2
3872;9915;Eemsdelta;1
3873;9917;Eemsdelta;3
3874;9918;Eemsdelta;1
3875;9919;Eemsdelta;3
3876;9921;Eemsdelta;2
3877;9922;Eemsdelta;1
3878;9923;Eemsdelta;1
3879;9931;Eemsdelta;3
3880;9932;Eemsdelta;11
3881;9933;Eemsdelta;6
3882;9934;Eemsdelta;7
3883;9936;Eemsdelta;5
3884;9937;Eemsdelta;2
3885;9939;Midden-Groningen;1
3886;9942;Oldambt;1
3887;9943;Oldambt;3
3888;9944;Oldambt;3
3889;9945;Eemsdelta;1
3890;9946;Eemsdelta;1
3891;9947;Eemsdelta;2
3892;9948;Eemsdelta;1
3893;9949;Eemsdelta;1
3894;9951;Het Hogeland;6
3895;9953;Het Hogeland;1
3896;9954;Het Hogeland;1
3897;9955;Het Hogeland;1
3898;9956;Het Hogeland;2
3899;9957;Het Hogeland;1
3900;9959;Het Hogeland;2
3901;9961;Het Hogeland;1
3902;9962;Het Hogeland;1
3903;9963;Het Hogeland;1
3904;9964;Het Hogeland;2
3905;9965;Het Hogeland;2
3906;9966;Het Hogeland;1
3907;9967;Het Hogeland;2
3908;9968;Het Hogeland;2
3909;9969;Het Hogeland;2
3910;9971;Het Hogeland;1
3911;9972;Het Hogeland;1
3912;9973;Het Hogeland;1
3913;9974;Het Hogeland;1
3914;9975;Het Hogeland;2
3915;9976;Het Hogeland;3
3916;9977;Het Hogeland;5
3917;9978;Het Hogeland;1
3918;9979;Het Hogeland;1
3919;9981;Het Hogeland;4
3920;9982;Het Hogeland;3
3921;9983;Het Hogeland;3
3922;9984;Het Hogeland;1
3923;9985;Het Hogeland;1
3924;9986;Het Hogeland;1
3925;9987;Eemsdelta;1
3926;9988;Het Hogeland;3
3927;9989;Het Hogeland;2
3928;9991;Eemsdelta;2
3929;9992;Eemsdelta;1
3930;9993;Eemsdelta;1
3931;9994;Eemsdelta;1
3932;9995;Het Hogeland;1
3933;9996;Het Hogeland;1
3934;9997;Het Hogeland;3
3935;9998;Het Hogeland;1
3936;9999;Het Hogeland;1
